DATE_DT,DATE_CODE,DAY_CODE,DATE_DESC,DAY_DESC,WEEK_CODE,WEEK_DESC,MONTH_CODE,MONTH_DESC,YEAR_CODE,QUARTER_CODE,HALF_CODE
2011-01-01,20110101,1,01 January 2011,Saturday ,201052,52,201101,January  ,2011,20111,20111
2011-01-02,20110102,2,02 January 2011,Sunday   ,201052,52,201101,January  ,2011,20111,20111
2011-01-03,20110103,3,03 January 2011,Monday   ,201101,1,201101,January  ,2011,20111,20111
2011-01-04,20110104,4,04 January 2011,Tuesday  ,201101,1,201101,January  ,2011,20111,20111
2011-01-05,20110105,5,05 January 2011,Wednesday,201101,1,201101,January  ,2011,20111,20111
2011-01-06,20110106,6,06 January 2011,Thursday ,201101,1,201101,January  ,2011,20111,20111
2011-01-07,20110107,7,07 January 2011,Friday   ,201101,1,201101,January  ,2011,20111,20111
2011-01-08,20110108,8,08 January 2011,Saturday ,201101,1,201101,January  ,2011,20111,20111
2011-01-09,20110109,9,09 January 2011,Sunday   ,201101,1,201101,January  ,2011,20111,20111
2011-01-10,20110110,10,10 January 2011,Monday   ,201102,2,201101,January  ,2011,20111,20111
2011-01-11,20110111,11,11 January 2011,Tuesday  ,201102,2,201101,January  ,2011,20111,20111
2011-01-12,20110112,12,12 January 2011,Wednesday,201102,2,201101,January  ,2011,20111,20111
2011-01-13,20110113,13,13 January 2011,Thursday ,201102,2,201101,January  ,2011,20111,20111
2011-01-14,20110114,14,14 January 2011,Friday   ,201102,2,201101,January  ,2011,20111,20111
2011-01-15,20110115,15,15 January 2011,Saturday ,201102,2,201101,January  ,2011,20111,20111
2011-01-16,20110116,16,16 January 2011,Sunday   ,201102,2,201101,January  ,2011,20111,20111
2011-01-17,20110117,17,17 January 2011,Monday   ,201103,3,201101,January  ,2011,20111,20111
2011-01-18,20110118,18,18 January 2011,Tuesday  ,201103,3,201101,January  ,2011,20111,20111
2011-01-19,20110119,19,19 January 2011,Wednesday,201103,3,201101,January  ,2011,20111,20111
2011-01-20,20110120,20,20 January 2011,Thursday ,201103,3,201101,January  ,2011,20111,20111
2011-01-21,20110121,21,21 January 2011,Friday   ,201103,3,201101,January  ,2011,20111,20111
2011-01-22,20110122,22,22 January 2011,Saturday ,201103,3,201101,January  ,2011,20111,20111
2011-01-23,20110123,23,23 January 2011,Sunday   ,201103,3,201101,January  ,2011,20111,20111
2011-01-24,20110124,24,24 January 2011,Monday   ,201104,4,201101,January  ,2011,20111,20111
2011-01-25,20110125,25,25 January 2011,Tuesday  ,201104,4,201101,January  ,2011,20111,20111
2011-01-26,20110126,26,26 January 2011,Wednesday,201104,4,201101,January  ,2011,20111,20111
2011-01-27,20110127,27,27 January 2011,Thursday ,201104,4,201101,January  ,2011,20111,20111
2011-01-28,20110128,28,28 January 2011,Friday   ,201104,4,201101,January  ,2011,20111,20111
2011-01-29,20110129,29,29 January 2011,Saturday ,201104,4,201101,January  ,2011,20111,20111
2011-01-30,20110130,30,30 January 2011,Sunday   ,201104,4,201101,January  ,2011,20111,20111
2011-01-31,20110131,31,31 January 2011,Monday   ,201105,5,201101,January  ,2011,20111,20111
2011-02-01,20110201,1,01 February 2011,Tuesday  ,201105,5,201102,February ,2011,20111,20111
2011-02-02,20110202,2,02 February 2011,Wednesday,201105,5,201102,February ,2011,20111,20111
2011-02-03,20110203,3,03 February 2011,Thursday ,201105,5,201102,February ,2011,20111,20111
2011-02-04,20110204,4,04 February 2011,Friday   ,201105,5,201102,February ,2011,20111,20111
2011-02-05,20110205,5,05 February 2011,Saturday ,201105,5,201102,February ,2011,20111,20111
2011-02-06,20110206,6,06 February 2011,Sunday   ,201105,5,201102,February ,2011,20111,20111
2011-02-07,20110207,7,07 February 2011,Monday   ,201106,6,201102,February ,2011,20111,20111
2011-02-08,20110208,8,08 February 2011,Tuesday  ,201106,6,201102,February ,2011,20111,20111
2011-02-09,20110209,9,09 February 2011,Wednesday,201106,6,201102,February ,2011,20111,20111
2011-02-10,20110210,10,10 February 2011,Thursday ,201106,6,201102,February ,2011,20111,20111
2011-02-11,20110211,11,11 February 2011,Friday   ,201106,6,201102,February ,2011,20111,20111
2011-02-12,20110212,12,12 February 2011,Saturday ,201106,6,201102,February ,2011,20111,20111
2011-02-13,20110213,13,13 February 2011,Sunday   ,201106,6,201102,February ,2011,20111,20111
2011-02-14,20110214,14,14 February 2011,Monday   ,201107,7,201102,February ,2011,20111,20111
2011-02-15,20110215,15,15 February 2011,Tuesday  ,201107,7,201102,February ,2011,20111,20111
2011-02-16,20110216,16,16 February 2011,Wednesday,201107,7,201102,February ,2011,20111,20111
2011-02-17,20110217,17,17 February 2011,Thursday ,201107,7,201102,February ,2011,20111,20111
2011-02-18,20110218,18,18 February 2011,Friday   ,201107,7,201102,February ,2011,20111,20111
2011-02-19,20110219,19,19 February 2011,Saturday ,201107,7,201102,February ,2011,20111,20111
2011-02-20,20110220,20,20 February 2011,Sunday   ,201107,7,201102,February ,2011,20111,20111
2011-02-21,20110221,21,21 February 2011,Monday   ,201108,8,201102,February ,2011,20111,20111
2011-02-22,20110222,22,22 February 2011,Tuesday  ,201108,8,201102,February ,2011,20111,20111
2011-02-23,20110223,23,23 February 2011,Wednesday,201108,8,201102,February ,2011,20111,20111
2011-02-24,20110224,24,24 February 2011,Thursday ,201108,8,201102,February ,2011,20111,20111
2011-02-25,20110225,25,25 February 2011,Friday   ,201108,8,201102,February ,2011,20111,20111
2011-02-26,20110226,26,26 February 2011,Saturday ,201108,8,201102,February ,2011,20111,20111
2011-02-27,20110227,27,27 February 2011,Sunday   ,201108,8,201102,February ,2011,20111,20111
2011-02-28,20110228,28,28 February 2011,Monday   ,201109,9,201102,February ,2011,20111,20111
2011-03-01,20110301,1,01 March 2011,Tuesday  ,201109,9,201103,March    ,2011,20111,20111
2011-03-02,20110302,2,02 March 2011,Wednesday,201109,9,201103,March    ,2011,20111,20111
2011-03-03,20110303,3,03 March 2011,Thursday ,201109,9,201103,March    ,2011,20111,20111
2011-03-04,20110304,4,04 March 2011,Friday   ,201109,9,201103,March    ,2011,20111,20111
2011-03-05,20110305,5,05 March 2011,Saturday ,201109,9,201103,March    ,2011,20111,20111
2011-03-06,20110306,6,06 March 2011,Sunday   ,201109,9,201103,March    ,2011,20111,20111
2011-03-07,20110307,7,07 March 2011,Monday   ,201110,10,201103,March    ,2011,20111,20111
2011-03-08,20110308,8,08 March 2011,Tuesday  ,201110,10,201103,March    ,2011,20111,20111
2011-03-09,20110309,9,09 March 2011,Wednesday,201110,10,201103,March    ,2011,20111,20111
2011-03-10,20110310,10,10 March 2011,Thursday ,201110,10,201103,March    ,2011,20111,20111
2011-03-11,20110311,11,11 March 2011,Friday   ,201110,10,201103,March    ,2011,20111,20111
2011-03-12,20110312,12,12 March 2011,Saturday ,201110,10,201103,March    ,2011,20111,20111
2011-03-13,20110313,13,13 March 2011,Sunday   ,201110,10,201103,March    ,2011,20111,20111
2011-03-14,20110314,14,14 March 2011,Monday   ,201111,11,201103,March    ,2011,20111,20111
2011-03-15,20110315,15,15 March 2011,Tuesday  ,201111,11,201103,March    ,2011,20111,20111
2011-03-16,20110316,16,16 March 2011,Wednesday,201111,11,201103,March    ,2011,20111,20111
2011-03-17,20110317,17,17 March 2011,Thursday ,201111,11,201103,March    ,2011,20111,20111
2011-03-18,20110318,18,18 March 2011,Friday   ,201111,11,201103,March    ,2011,20111,20111
2011-03-19,20110319,19,19 March 2011,Saturday ,201111,11,201103,March    ,2011,20111,20111
2011-03-20,20110320,20,20 March 2011,Sunday   ,201111,11,201103,March    ,2011,20111,20111
2011-03-21,20110321,21,21 March 2011,Monday   ,201112,12,201103,March    ,2011,20111,20111
2011-03-22,20110322,22,22 March 2011,Tuesday  ,201112,12,201103,March    ,2011,20111,20111
2011-03-23,20110323,23,23 March 2011,Wednesday,201112,12,201103,March    ,2011,20111,20111
2011-03-24,20110324,24,24 March 2011,Thursday ,201112,12,201103,March    ,2011,20111,20111
2011-03-25,20110325,25,25 March 2011,Friday   ,201112,12,201103,March    ,2011,20111,20111
2011-03-26,20110326,26,26 March 2011,Saturday ,201112,12,201103,March    ,2011,20111,20111
2011-03-27,20110327,27,27 March 2011,Sunday   ,201112,12,201103,March    ,2011,20111,20111
2011-03-28,20110328,28,28 March 2011,Monday   ,201113,13,201103,March    ,2011,20111,20111
2011-03-29,20110329,29,29 March 2011,Tuesday  ,201113,13,201103,March    ,2011,20111,20111
2011-03-30,20110330,30,30 March 2011,Wednesday,201113,13,201103,March    ,2011,20111,20111
2011-03-31,20110331,31,31 March 2011,Thursday ,201113,13,201103,March    ,2011,20111,20111
2011-04-01,20110401,1,01-Apr-11,Friday   ,201113,13,201104,April    ,2011,20112,20111
2011-04-02,20110402,2,02-Apr-11,Saturday ,201113,13,201104,April    ,2011,20112,20111
2011-04-03,20110403,3,03-Apr-11,Sunday   ,201113,13,201104,April    ,2011,20112,20111
2011-04-04,20110404,4,04-Apr-11,Monday   ,201114,14,201104,April    ,2011,20112,20111
2011-04-05,20110405,5,05-Apr-11,Tuesday  ,201114,14,201104,April    ,2011,20112,20111
2011-04-06,20110406,6,06-Apr-11,Wednesday,201114,14,201104,April    ,2011,20112,20111
2011-04-07,20110407,7,07-Apr-11,Thursday ,201114,14,201104,April    ,2011,20112,20111
2011-04-08,20110408,8,08-Apr-11,Friday   ,201114,14,201104,April    ,2011,20112,20111
2011-04-09,20110409,9,09-Apr-11,Saturday ,201114,14,201104,April    ,2011,20112,20111
2011-04-10,20110410,10,10-Apr-11,Sunday   ,201114,14,201104,April    ,2011,20112,20111
2011-04-11,20110411,11,11-Apr-11,Monday   ,201115,15,201104,April    ,2011,20112,20111
2011-04-12,20110412,12,12-Apr-11,Tuesday  ,201115,15,201104,April    ,2011,20112,20111
2011-04-13,20110413,13,13-Apr-11,Wednesday,201115,15,201104,April    ,2011,20112,20111
2011-04-14,20110414,14,14-Apr-11,Thursday ,201115,15,201104,April    ,2011,20112,20111
2011-04-15,20110415,15,15-Apr-11,Friday   ,201115,15,201104,April    ,2011,20112,20111
2011-04-16,20110416,16,16-Apr-11,Saturday ,201115,15,201104,April    ,2011,20112,20111
2011-04-17,20110417,17,17-Apr-11,Sunday   ,201115,15,201104,April    ,2011,20112,20111
2011-04-18,20110418,18,18-Apr-11,Monday   ,201116,16,201104,April    ,2011,20112,20111
2011-04-19,20110419,19,19-Apr-11,Tuesday  ,201116,16,201104,April    ,2011,20112,20111
2011-04-20,20110420,20,20-Apr-11,Wednesday,201116,16,201104,April    ,2011,20112,20111
2011-04-21,20110421,21,21-Apr-11,Thursday ,201116,16,201104,April    ,2011,20112,20111
2011-04-22,20110422,22,22-Apr-11,Friday   ,201116,16,201104,April    ,2011,20112,20111
2011-04-23,20110423,23,23-Apr-11,Saturday ,201116,16,201104,April    ,2011,20112,20111
2011-04-24,20110424,24,24-Apr-11,Sunday   ,201116,16,201104,April    ,2011,20112,20111
2011-04-25,20110425,25,25-Apr-11,Monday   ,201117,17,201104,April    ,2011,20112,20111
2011-04-26,20110426,26,26-Apr-11,Tuesday  ,201117,17,201104,April    ,2011,20112,20111
2011-04-27,20110427,27,27-Apr-11,Wednesday,201117,17,201104,April    ,2011,20112,20111
2011-04-28,20110428,28,28-Apr-11,Thursday ,201117,17,201104,April    ,2011,20112,20111
2011-04-29,20110429,29,29-Apr-11,Friday   ,201117,17,201104,April    ,2011,20112,20111
2011-04-30,20110430,30,30-Apr-11,Saturday ,201117,17,201104,April    ,2011,20112,20111
2011-05-01,20110501,1,01 May 2011,Sunday   ,201117,17,201105,May      ,2011,20112,20111
2011-05-02,20110502,2,02 May 2011,Monday   ,201118,18,201105,May      ,2011,20112,20111
2011-05-03,20110503,3,03 May 2011,Tuesday  ,201118,18,201105,May      ,2011,20112,20111
2011-05-04,20110504,4,04 May 2011,Wednesday,201118,18,201105,May      ,2011,20112,20111
2011-05-05,20110505,5,05 May 2011,Thursday ,201118,18,201105,May      ,2011,20112,20111
2011-05-06,20110506,6,06 May 2011,Friday   ,201118,18,201105,May      ,2011,20112,20111
2011-05-07,20110507,7,07 May 2011,Saturday ,201118,18,201105,May      ,2011,20112,20111
2011-05-08,20110508,8,08 May 2011,Sunday   ,201118,18,201105,May      ,2011,20112,20111
2011-05-09,20110509,9,09 May 2011,Monday   ,201119,19,201105,May      ,2011,20112,20111
2011-05-10,20110510,10,10 May 2011,Tuesday  ,201119,19,201105,May      ,2011,20112,20111
2011-05-11,20110511,11,11 May 2011,Wednesday,201119,19,201105,May      ,2011,20112,20111
2011-05-12,20110512,12,12 May 2011,Thursday ,201119,19,201105,May      ,2011,20112,20111
2011-05-13,20110513,13,13 May 2011,Friday   ,201119,19,201105,May      ,2011,20112,20111
2011-05-14,20110514,14,14 May 2011,Saturday ,201119,19,201105,May      ,2011,20112,20111
2011-05-15,20110515,15,15 May 2011,Sunday   ,201119,19,201105,May      ,2011,20112,20111
2011-05-16,20110516,16,16 May 2011,Monday   ,201120,20,201105,May      ,2011,20112,20111
2011-05-17,20110517,17,17 May 2011,Tuesday  ,201120,20,201105,May      ,2011,20112,20111
2011-05-18,20110518,18,18 May 2011,Wednesday,201120,20,201105,May      ,2011,20112,20111
2011-05-19,20110519,19,19 May 2011,Thursday ,201120,20,201105,May      ,2011,20112,20111
2011-05-20,20110520,20,20 May 2011,Friday   ,201120,20,201105,May      ,2011,20112,20111
2011-05-21,20110521,21,21 May 2011,Saturday ,201120,20,201105,May      ,2011,20112,20111
2011-05-22,20110522,22,22 May 2011,Sunday   ,201120,20,201105,May      ,2011,20112,20111
2011-05-23,20110523,23,23 May 2011,Monday   ,201121,21,201105,May      ,2011,20112,20111
2011-05-24,20110524,24,24 May 2011,Tuesday  ,201121,21,201105,May      ,2011,20112,20111
2011-05-25,20110525,25,25 May 2011,Wednesday,201121,21,201105,May      ,2011,20112,20111
2011-05-26,20110526,26,26 May 2011,Thursday ,201121,21,201105,May      ,2011,20112,20111
2011-05-27,20110527,27,27 May 2011,Friday   ,201121,21,201105,May      ,2011,20112,20111
2011-05-28,20110528,28,28 May 2011,Saturday ,201121,21,201105,May      ,2011,20112,20111
2011-05-29,20110529,29,29 May 2011,Sunday   ,201121,21,201105,May      ,2011,20112,20111
2011-05-30,20110530,30,30 May 2011,Monday   ,201122,22,201105,May      ,2011,20112,20111
2011-05-31,20110531,31,31 May 2011,Tuesday  ,201122,22,201105,May      ,2011,20112,20111
2011-06-01,20110601,1,01 June 2011,Wednesday,201122,22,201106,June     ,2011,20112,20111
2011-06-02,20110602,2,02 June 2011,Thursday ,201122,22,201106,June     ,2011,20112,20111
2011-06-03,20110603,3,03 June 2011,Friday   ,201122,22,201106,June     ,2011,20112,20111
2011-06-04,20110604,4,04 June 2011,Saturday ,201122,22,201106,June     ,2011,20112,20111
2011-06-05,20110605,5,05 June 2011,Sunday   ,201122,22,201106,June     ,2011,20112,20111
2011-06-06,20110606,6,06 June 2011,Monday   ,201123,23,201106,June     ,2011,20112,20111
2011-06-07,20110607,7,07 June 2011,Tuesday  ,201123,23,201106,June     ,2011,20112,20111
2011-06-08,20110608,8,08 June 2011,Wednesday,201123,23,201106,June     ,2011,20112,20111
2011-06-09,20110609,9,09 June 2011,Thursday ,201123,23,201106,June     ,2011,20112,20111
2011-06-10,20110610,10,10 June 2011,Friday   ,201123,23,201106,June     ,2011,20112,20111
2011-06-11,20110611,11,11 June 2011,Saturday ,201123,23,201106,June     ,2011,20112,20111
2011-06-12,20110612,12,12 June 2011,Sunday   ,201123,23,201106,June     ,2011,20112,20111
2011-06-13,20110613,13,13 June 2011,Monday   ,201124,24,201106,June     ,2011,20112,20111
2011-06-14,20110614,14,14 June 2011,Tuesday  ,201124,24,201106,June     ,2011,20112,20111
2011-06-15,20110615,15,15 June 2011,Wednesday,201124,24,201106,June     ,2011,20112,20111
2011-06-16,20110616,16,16 June 2011,Thursday ,201124,24,201106,June     ,2011,20112,20111
2011-06-17,20110617,17,17 June 2011,Friday   ,201124,24,201106,June     ,2011,20112,20111
2011-06-18,20110618,18,18 June 2011,Saturday ,201124,24,201106,June     ,2011,20112,20111
2011-06-19,20110619,19,19 June 2011,Sunday   ,201124,24,201106,June     ,2011,20112,20111
2011-06-20,20110620,20,20 June 2011,Monday   ,201125,25,201106,June     ,2011,20112,20111
2011-06-21,20110621,21,21 June 2011,Tuesday  ,201125,25,201106,June     ,2011,20112,20111
2011-06-22,20110622,22,22 June 2011,Wednesday,201125,25,201106,June     ,2011,20112,20111
2011-06-23,20110623,23,23 June 2011,Thursday ,201125,25,201106,June     ,2011,20112,20111
2011-06-24,20110624,24,24 June 2011,Friday   ,201125,25,201106,June     ,2011,20112,20111
2011-06-25,20110625,25,25 June 2011,Saturday ,201125,25,201106,June     ,2011,20112,20111
2011-06-26,20110626,26,26 June 2011,Sunday   ,201125,25,201106,June     ,2011,20112,20111
2011-06-27,20110627,27,27 June 2011,Monday   ,201126,26,201106,June     ,2011,20112,20111
2011-06-28,20110628,28,28 June 2011,Tuesday  ,201126,26,201106,June     ,2011,20112,20111
2011-06-29,20110629,29,29 June 2011,Wednesday,201126,26,201106,June     ,2011,20112,20111
2011-06-30,20110630,30,30 June 2011,Thursday ,201126,26,201106,June     ,2011,20112,20111
2011-07-01,20110701,1,01 July 2011,Friday   ,201126,26,201107,July     ,2011,20113,20112
2011-07-02,20110702,2,02 July 2011,Saturday ,201126,26,201107,July     ,2011,20113,20112
2011-07-03,20110703,3,03 July 2011,Sunday   ,201126,26,201107,July     ,2011,20113,20112
2011-07-04,20110704,4,04 July 2011,Monday   ,201127,27,201107,July     ,2011,20113,20112
2011-07-05,20110705,5,05 July 2011,Tuesday  ,201127,27,201107,July     ,2011,20113,20112
2011-07-06,20110706,6,06 July 2011,Wednesday,201127,27,201107,July     ,2011,20113,20112
2011-07-07,20110707,7,07 July 2011,Thursday ,201127,27,201107,July     ,2011,20113,20112
2011-07-08,20110708,8,08 July 2011,Friday   ,201127,27,201107,July     ,2011,20113,20112
2011-07-09,20110709,9,09 July 2011,Saturday ,201127,27,201107,July     ,2011,20113,20112
2011-07-10,20110710,10,10 July 2011,Sunday   ,201127,27,201107,July     ,2011,20113,20112
2011-07-11,20110711,11,11 July 2011,Monday   ,201128,28,201107,July     ,2011,20113,20112
2011-07-12,20110712,12,12 July 2011,Tuesday  ,201128,28,201107,July     ,2011,20113,20112
2011-07-13,20110713,13,13 July 2011,Wednesday,201128,28,201107,July     ,2011,20113,20112
2011-07-14,20110714,14,14 July 2011,Thursday ,201128,28,201107,July     ,2011,20113,20112
2011-07-15,20110715,15,15 July 2011,Friday   ,201128,28,201107,July     ,2011,20113,20112
2011-07-16,20110716,16,16 July 2011,Saturday ,201128,28,201107,July     ,2011,20113,20112
2011-07-17,20110717,17,17 July 2011,Sunday   ,201128,28,201107,July     ,2011,20113,20112
2011-07-18,20110718,18,18 July 2011,Monday   ,201129,29,201107,July     ,2011,20113,20112
2011-07-19,20110719,19,19 July 2011,Tuesday  ,201129,29,201107,July     ,2011,20113,20112
2011-07-20,20110720,20,20 July 2011,Wednesday,201129,29,201107,July     ,2011,20113,20112
2011-07-21,20110721,21,21 July 2011,Thursday ,201129,29,201107,July     ,2011,20113,20112
2011-07-22,20110722,22,22 July 2011,Friday   ,201129,29,201107,July     ,2011,20113,20112
2011-07-23,20110723,23,23 July 2011,Saturday ,201129,29,201107,July     ,2011,20113,20112
2011-07-24,20110724,24,24 July 2011,Sunday   ,201129,29,201107,July     ,2011,20113,20112
2011-07-25,20110725,25,25 July 2011,Monday   ,201130,30,201107,July     ,2011,20113,20112
2011-07-26,20110726,26,26 July 2011,Tuesday  ,201130,30,201107,July     ,2011,20113,20112
2011-07-27,20110727,27,27 July 2011,Wednesday,201130,30,201107,July     ,2011,20113,20112
2011-07-28,20110728,28,28 July 2011,Thursday ,201130,30,201107,July     ,2011,20113,20112
2011-07-29,20110729,29,29 July 2011,Friday   ,201130,30,201107,July     ,2011,20113,20112
2011-07-30,20110730,30,30 July 2011,Saturday ,201130,30,201107,July     ,2011,20113,20112
2011-07-31,20110731,31,31 July 2011,Sunday   ,201130,30,201107,July     ,2011,20113,20112
2011-08-29,20110829,29,29 August 2011,Monday   ,201135,35,201108,August   ,2011,20113,20112
2011-08-30,20110830,30,30 August 2011,Tuesday  ,201135,35,201108,August   ,2011,20113,20112
2011-08-31,20110831,31,31 August 2011,Wednesday,201135,35,201108,August   ,2011,20113,20112
2011-08-01,20110801,1,01 August 2011,Monday   ,201131,31,201108,August   ,2011,20113,20112
2011-08-02,20110802,2,02 August 2011,Tuesday  ,201131,31,201108,August   ,2011,20113,20112
2011-08-03,20110803,3,03 August 2011,Wednesday,201131,31,201108,August   ,2011,20113,20112
2011-08-04,20110804,4,04 August 2011,Thursday ,201131,31,201108,August   ,2011,20113,20112
2011-08-05,20110805,5,05 August 2011,Friday   ,201131,31,201108,August   ,2011,20113,20112
2011-08-06,20110806,6,06 August 2011,Saturday ,201131,31,201108,August   ,2011,20113,20112
2011-08-07,20110807,7,07 August 2011,Sunday   ,201131,31,201108,August   ,2011,20113,20112
2011-08-08,20110808,8,08 August 2011,Monday   ,201132,32,201108,August   ,2011,20113,20112
2011-08-09,20110809,9,09 August 2011,Tuesday  ,201132,32,201108,August   ,2011,20113,20112
2011-08-10,20110810,10,10 August 2011,Wednesday,201132,32,201108,August   ,2011,20113,20112
2011-08-11,20110811,11,11 August 2011,Thursday ,201132,32,201108,August   ,2011,20113,20112
2011-08-12,20110812,12,12 August 2011,Friday   ,201132,32,201108,August   ,2011,20113,20112
2011-08-13,20110813,13,13 August 2011,Saturday ,201132,32,201108,August   ,2011,20113,20112
2011-08-14,20110814,14,14 August 2011,Sunday   ,201132,32,201108,August   ,2011,20113,20112
2011-08-15,20110815,15,15 August 2011,Monday   ,201133,33,201108,August   ,2011,20113,20112
2011-08-16,20110816,16,16 August 2011,Tuesday  ,201133,33,201108,August   ,2011,20113,20112
2011-08-17,20110817,17,17 August 2011,Wednesday,201133,33,201108,August   ,2011,20113,20112
2011-08-18,20110818,18,18 August 2011,Thursday ,201133,33,201108,August   ,2011,20113,20112
2011-08-19,20110819,19,19 August 2011,Friday   ,201133,33,201108,August   ,2011,20113,20112
2011-08-20,20110820,20,20 August 2011,Saturday ,201133,33,201108,August   ,2011,20113,20112
2011-08-21,20110821,21,21 August 2011,Sunday   ,201133,33,201108,August   ,2011,20113,20112
2011-08-22,20110822,22,22 August 2011,Monday   ,201134,34,201108,August   ,2011,20113,20112
2011-08-23,20110823,23,23 August 2011,Tuesday  ,201134,34,201108,August   ,2011,20113,20112
2011-08-24,20110824,24,24 August 2011,Wednesday,201134,34,201108,August   ,2011,20113,20112
2011-08-25,20110825,25,25 August 2011,Thursday ,201134,34,201108,August   ,2011,20113,20112
2011-08-26,20110826,26,26 August 2011,Friday   ,201134,34,201108,August   ,2011,20113,20112
2011-08-27,20110827,27,27 August 2011,Saturday ,201134,34,201108,August   ,2011,20113,20112
2011-08-28,20110828,28,28 August 2011,Sunday   ,201134,34,201108,August   ,2011,20113,20112
2011-09-01,20110901,1,01 September 2011,Thursday ,201135,35,201109,September,2011,20113,20112
2011-09-02,20110902,2,02 September 2011,Friday   ,201135,35,201109,September,2011,20113,20112
2011-09-03,20110903,3,03 September 2011,Saturday ,201135,35,201109,September,2011,20113,20112
2011-09-04,20110904,4,04 September 2011,Sunday   ,201135,35,201109,September,2011,20113,20112
2011-09-05,20110905,5,05 September 2011,Monday   ,201136,36,201109,September,2011,20113,20112
2011-09-06,20110906,6,06 September 2011,Tuesday  ,201136,36,201109,September,2011,20113,20112
2011-09-07,20110907,7,07 September 2011,Wednesday,201136,36,201109,September,2011,20113,20112
2011-09-08,20110908,8,08 September 2011,Thursday ,201136,36,201109,September,2011,20113,20112
2011-09-09,20110909,9,09 September 2011,Friday   ,201136,36,201109,September,2011,20113,20112
2011-09-10,20110910,10,10 September 2011,Saturday ,201136,36,201109,September,2011,20113,20112
2011-09-11,20110911,11,11 September 2011,Sunday   ,201136,36,201109,September,2011,20113,20112
2011-09-12,20110912,12,12 September 2011,Monday   ,201137,37,201109,September,2011,20113,20112
2011-09-13,20110913,13,13 September 2011,Tuesday  ,201137,37,201109,September,2011,20113,20112
2011-09-14,20110914,14,14 September 2011,Wednesday,201137,37,201109,September,2011,20113,20112
2011-09-15,20110915,15,15 September 2011,Thursday ,201137,37,201109,September,2011,20113,20112
2011-09-16,20110916,16,16 September 2011,Friday   ,201137,37,201109,September,2011,20113,20112
2011-09-17,20110917,17,17 September 2011,Saturday ,201137,37,201109,September,2011,20113,20112
2011-09-18,20110918,18,18 September 2011,Sunday   ,201137,37,201109,September,2011,20113,20112
2011-09-19,20110919,19,19 September 2011,Monday   ,201138,38,201109,September,2011,20113,20112
2011-09-20,20110920,20,20 September 2011,Tuesday  ,201138,38,201109,September,2011,20113,20112
2011-09-21,20110921,21,21 September 2011,Wednesday,201138,38,201109,September,2011,20113,20112
2011-09-22,20110922,22,22 September 2011,Thursday ,201138,38,201109,September,2011,20113,20112
2011-09-23,20110923,23,23 September 2011,Friday   ,201138,38,201109,September,2011,20113,20112
2011-09-24,20110924,24,24 September 2011,Saturday ,201138,38,201109,September,2011,20113,20112
2011-09-25,20110925,25,25 September 2011,Sunday   ,201138,38,201109,September,2011,20113,20112
2011-09-26,20110926,26,26 September 2011,Monday   ,201139,39,201109,September,2011,20113,20112
2011-09-27,20110927,27,27 September 2011,Tuesday  ,201139,39,201109,September,2011,20113,20112
2011-09-28,20110928,28,28 September 2011,Wednesday,201139,39,201109,September,2011,20113,20112
2011-09-29,20110929,29,29 September 2011,Thursday ,201139,39,201109,September,2011,20113,20112
2011-09-30,20110930,30,30 September 2011,Friday   ,201139,39,201109,September,2011,20113,20112
2011-10-01,20111001,1,01 October 2011,Saturday ,201139,39,201110,October  ,2011,20114,20112
2011-10-02,20111002,2,02 October 2011,Sunday   ,201139,39,201110,October  ,2011,20114,20112
2011-10-03,20111003,3,03 October 2011,Monday   ,201140,40,201110,October  ,2011,20114,20112
2011-10-04,20111004,4,04 October 2011,Tuesday  ,201140,40,201110,October  ,2011,20114,20112
2011-10-05,20111005,5,05 October 2011,Wednesday,201140,40,201110,October  ,2011,20114,20112
2011-10-06,20111006,6,06 October 2011,Thursday ,201140,40,201110,October  ,2011,20114,20112
2011-10-07,20111007,7,07 October 2011,Friday   ,201140,40,201110,October  ,2011,20114,20112
2011-10-08,20111008,8,08 October 2011,Saturday ,201140,40,201110,October  ,2011,20114,20112
2011-10-09,20111009,9,09 October 2011,Sunday   ,201140,40,201110,October  ,2011,20114,20112
2011-10-10,20111010,10,10 October 2011,Monday   ,201141,41,201110,October  ,2011,20114,20112
2011-10-11,20111011,11,11 October 2011,Tuesday  ,201141,41,201110,October  ,2011,20114,20112
2011-10-12,20111012,12,12 October 2011,Wednesday,201141,41,201110,October  ,2011,20114,20112
2011-10-13,20111013,13,13 October 2011,Thursday ,201141,41,201110,October  ,2011,20114,20112
2011-10-14,20111014,14,14 October 2011,Friday   ,201141,41,201110,October  ,2011,20114,20112
2011-10-15,20111015,15,15 October 2011,Saturday ,201141,41,201110,October  ,2011,20114,20112
2011-10-16,20111016,16,16 October 2011,Sunday   ,201141,41,201110,October  ,2011,20114,20112
2011-10-17,20111017,17,17 October 2011,Monday   ,201142,42,201110,October  ,2011,20114,20112
2011-10-18,20111018,18,18 October 2011,Tuesday  ,201142,42,201110,October  ,2011,20114,20112
2011-10-19,20111019,19,19 October 2011,Wednesday,201142,42,201110,October  ,2011,20114,20112
2011-10-20,20111020,20,20 October 2011,Thursday ,201142,42,201110,October  ,2011,20114,20112
2011-10-21,20111021,21,21 October 2011,Friday   ,201142,42,201110,October  ,2011,20114,20112
2011-10-22,20111022,22,22 October 2011,Saturday ,201142,42,201110,October  ,2011,20114,20112
2011-10-23,20111023,23,23 October 2011,Sunday   ,201142,42,201110,October  ,2011,20114,20112
2011-10-24,20111024,24,24 October 2011,Monday   ,201143,43,201110,October  ,2011,20114,20112
2011-10-25,20111025,25,25 October 2011,Tuesday  ,201143,43,201110,October  ,2011,20114,20112
2011-10-26,20111026,26,26 October 2011,Wednesday,201143,43,201110,October  ,2011,20114,20112
2011-10-27,20111027,27,27 October 2011,Thursday ,201143,43,201110,October  ,2011,20114,20112
2011-10-28,20111028,28,28 October 2011,Friday   ,201143,43,201110,October  ,2011,20114,20112
2011-10-29,20111029,29,29 October 2011,Saturday ,201143,43,201110,October  ,2011,20114,20112
2011-10-30,20111030,30,30 October 2011,Sunday   ,201143,43,201110,October  ,2011,20114,20112
2011-10-31,20111031,31,31 October 2011,Monday   ,201144,44,201110,October  ,2011,20114,20112
2011-11-01,20111101,1,01 November 2011,Tuesday  ,201144,44,201111,November ,2011,20114,20112
2011-11-02,20111102,2,02 November 2011,Wednesday,201144,44,201111,November ,2011,20114,20112
2011-11-03,20111103,3,03 November 2011,Thursday ,201144,44,201111,November ,2011,20114,20112
2011-11-04,20111104,4,04 November 2011,Friday   ,201144,44,201111,November ,2011,20114,20112
2011-11-05,20111105,5,05 November 2011,Saturday ,201144,44,201111,November ,2011,20114,20112
2011-11-06,20111106,6,06 November 2011,Sunday   ,201144,44,201111,November ,2011,20114,20112
2011-11-07,20111107,7,07 November 2011,Monday   ,201145,45,201111,November ,2011,20114,20112
2011-11-08,20111108,8,08 November 2011,Tuesday  ,201145,45,201111,November ,2011,20114,20112
2011-11-09,20111109,9,09 November 2011,Wednesday,201145,45,201111,November ,2011,20114,20112
2011-11-10,20111110,10,10 November 2011,Thursday ,201145,45,201111,November ,2011,20114,20112
2011-11-11,20111111,11,11 November 2011,Friday   ,201145,45,201111,November ,2011,20114,20112
2011-11-12,20111112,12,12 November 2011,Saturday ,201145,45,201111,November ,2011,20114,20112
2011-11-13,20111113,13,13 November 2011,Sunday   ,201145,45,201111,November ,2011,20114,20112
2011-11-14,20111114,14,14 November 2011,Monday   ,201146,46,201111,November ,2011,20114,20112
2011-11-15,20111115,15,15 November 2011,Tuesday  ,201146,46,201111,November ,2011,20114,20112
2011-11-16,20111116,16,16 November 2011,Wednesday,201146,46,201111,November ,2011,20114,20112
2011-11-17,20111117,17,17 November 2011,Thursday ,201146,46,201111,November ,2011,20114,20112
2011-11-18,20111118,18,18 November 2011,Friday   ,201146,46,201111,November ,2011,20114,20112
2011-11-19,20111119,19,19 November 2011,Saturday ,201146,46,201111,November ,2011,20114,20112
2011-11-20,20111120,20,20 November 2011,Sunday   ,201146,46,201111,November ,2011,20114,20112
2011-11-21,20111121,21,21 November 2011,Monday   ,201147,47,201111,November ,2011,20114,20112
2011-11-22,20111122,22,22 November 2011,Tuesday  ,201147,47,201111,November ,2011,20114,20112
2011-11-23,20111123,23,23 November 2011,Wednesday,201147,47,201111,November ,2011,20114,20112
2011-11-24,20111124,24,24 November 2011,Thursday ,201147,47,201111,November ,2011,20114,20112
2011-11-25,20111125,25,25 November 2011,Friday   ,201147,47,201111,November ,2011,20114,20112
2011-11-26,20111126,26,26 November 2011,Saturday ,201147,47,201111,November ,2011,20114,20112
2011-11-27,20111127,27,27 November 2011,Sunday   ,201147,47,201111,November ,2011,20114,20112
2011-11-28,20111128,28,28 November 2011,Monday   ,201148,48,201111,November ,2011,20114,20112
2011-11-29,20111129,29,29 November 2011,Tuesday  ,201148,48,201111,November ,2011,20114,20112
2011-11-30,20111130,30,30 November 2011,Wednesday,201148,48,201111,November ,2011,20114,20112
2011-12-01,20111201,1,01 December 2011,Thursday ,201148,48,201112,December ,2011,20114,20112
2011-12-02,20111202,2,02 December 2011,Friday   ,201148,48,201112,December ,2011,20114,20112
2011-12-03,20111203,3,03 December 2011,Saturday ,201148,48,201112,December ,2011,20114,20112
2011-12-04,20111204,4,04 December 2011,Sunday   ,201148,48,201112,December ,2011,20114,20112
2011-12-05,20111205,5,05 December 2011,Monday   ,201149,49,201112,December ,2011,20114,20112
2011-12-06,20111206,6,06 December 2011,Tuesday  ,201149,49,201112,December ,2011,20114,20112
2011-12-07,20111207,7,07 December 2011,Wednesday,201149,49,201112,December ,2011,20114,20112
2011-12-08,20111208,8,08 December 2011,Thursday ,201149,49,201112,December ,2011,20114,20112
2011-12-09,20111209,9,09 December 2011,Friday   ,201149,49,201112,December ,2011,20114,20112
2011-12-10,20111210,10,10 December 2011,Saturday ,201149,49,201112,December ,2011,20114,20112
2011-12-11,20111211,11,11 December 2011,Sunday   ,201149,49,201112,December ,2011,20114,20112
2011-12-12,20111212,12,12 December 2011,Monday   ,201150,50,201112,December ,2011,20114,20112
2011-12-13,20111213,13,13 December 2011,Tuesday  ,201150,50,201112,December ,2011,20114,20112
2011-12-14,20111214,14,14 December 2011,Wednesday,201150,50,201112,December ,2011,20114,20112
2011-12-15,20111215,15,15 December 2011,Thursday ,201150,50,201112,December ,2011,20114,20112
2011-12-16,20111216,16,16 December 2011,Friday   ,201150,50,201112,December ,2011,20114,20112
2011-12-17,20111217,17,17 December 2011,Saturday ,201150,50,201112,December ,2011,20114,20112
2011-12-18,20111218,18,18 December 2011,Sunday   ,201150,50,201112,December ,2011,20114,20112
2011-12-19,20111219,19,19 December 2011,Monday   ,201151,51,201112,December ,2011,20114,20112
2011-12-20,20111220,20,20 December 2011,Tuesday  ,201151,51,201112,December ,2011,20114,20112
2011-12-21,20111221,21,21 December 2011,Wednesday,201151,51,201112,December ,2011,20114,20112
2011-12-22,20111222,22,22 December 2011,Thursday ,201151,51,201112,December ,2011,20114,20112
2011-12-23,20111223,23,23 December 2011,Friday   ,201151,51,201112,December ,2011,20114,20112
2011-12-24,20111224,24,24 December 2011,Saturday ,201151,51,201112,December ,2011,20114,20112
2011-12-25,20111225,25,25 December 2011,Sunday   ,201151,51,201112,December ,2011,20114,20112
2011-12-26,20111226,26,26 December 2011,Monday   ,201152,52,201112,December ,2011,20114,20112
2011-12-27,20111227,27,27 December 2011,Tuesday  ,201152,52,201112,December ,2011,20114,20112
2011-12-28,20111228,28,28 December 2011,Wednesday,201152,52,201112,December ,2011,20114,20112
2011-12-29,20111229,29,29 December 2011,Thursday ,201152,52,201112,December ,2011,20114,20112
2011-12-30,20111230,30,30 December 2011,Friday   ,201152,52,201112,December ,2011,20114,20112
2011-12-31,20111231,31,31 December 2011,Saturday ,201152,52,201112,December ,2011,20114,20112
2012-01-01,20120101,1,01 January 2012,Sunday   ,201152,52,201201,January  ,2012,20121,20121
2012-01-02,20120102,2,02 January 2012,Monday   ,201201,1,201201,January  ,2012,20121,20121
2012-01-03,20120103,3,03 January 2012,Tuesday  ,201201,1,201201,January  ,2012,20121,20121
2012-01-04,20120104,4,04 January 2012,Wednesday,201201,1,201201,January  ,2012,20121,20121
2012-01-05,20120105,5,05 January 2012,Thursday ,201201,1,201201,January  ,2012,20121,20121
2012-01-06,20120106,6,06 January 2012,Friday   ,201201,1,201201,January  ,2012,20121,20121
2012-01-07,20120107,7,07 January 2012,Saturday ,201201,1,201201,January  ,2012,20121,20121
2012-01-08,20120108,8,08 January 2012,Sunday   ,201201,1,201201,January  ,2012,20121,20121
2012-01-09,20120109,9,09 January 2012,Monday   ,201202,2,201201,January  ,2012,20121,20121
2012-01-10,20120110,10,10 January 2012,Tuesday  ,201202,2,201201,January  ,2012,20121,20121
2012-01-11,20120111,11,11 January 2012,Wednesday,201202,2,201201,January  ,2012,20121,20121
2012-01-12,20120112,12,12 January 2012,Thursday ,201202,2,201201,January  ,2012,20121,20121
2012-01-13,20120113,13,13 January 2012,Friday   ,201202,2,201201,January  ,2012,20121,20121
2012-01-14,20120114,14,14 January 2012,Saturday ,201202,2,201201,January  ,2012,20121,20121
2012-01-15,20120115,15,15 January 2012,Sunday   ,201202,2,201201,January  ,2012,20121,20121
2012-01-16,20120116,16,16 January 2012,Monday   ,201203,3,201201,January  ,2012,20121,20121
2012-01-17,20120117,17,17 January 2012,Tuesday  ,201203,3,201201,January  ,2012,20121,20121
2012-01-18,20120118,18,18 January 2012,Wednesday,201203,3,201201,January  ,2012,20121,20121
2012-01-19,20120119,19,19 January 2012,Thursday ,201203,3,201201,January  ,2012,20121,20121
2012-01-20,20120120,20,20 January 2012,Friday   ,201203,3,201201,January  ,2012,20121,20121
2012-01-21,20120121,21,21 January 2012,Saturday ,201203,3,201201,January  ,2012,20121,20121
2012-01-22,20120122,22,22 January 2012,Sunday   ,201203,3,201201,January  ,2012,20121,20121
2012-01-23,20120123,23,23 January 2012,Monday   ,201204,4,201201,January  ,2012,20121,20121
2012-01-24,20120124,24,24 January 2012,Tuesday  ,201204,4,201201,January  ,2012,20121,20121
2012-01-25,20120125,25,25 January 2012,Wednesday,201204,4,201201,January  ,2012,20121,20121
2012-01-26,20120126,26,26 January 2012,Thursday ,201204,4,201201,January  ,2012,20121,20121
2012-01-27,20120127,27,27 January 2012,Friday   ,201204,4,201201,January  ,2012,20121,20121
2012-01-28,20120128,28,28 January 2012,Saturday ,201204,4,201201,January  ,2012,20121,20121
2012-01-29,20120129,29,29 January 2012,Sunday   ,201204,4,201201,January  ,2012,20121,20121
2012-01-30,20120130,30,30 January 2012,Monday   ,201205,5,201201,January  ,2012,20121,20121
2012-01-31,20120131,31,31 January 2012,Tuesday  ,201205,5,201201,January  ,2012,20121,20121
2012-02-01,20120201,1,01 February 2012,Wednesday,201205,5,201202,February ,2012,20121,20121
2012-02-02,20120202,2,02 February 2012,Thursday ,201205,5,201202,February ,2012,20121,20121
2012-02-03,20120203,3,03 February 2012,Friday   ,201205,5,201202,February ,2012,20121,20121
2012-02-04,20120204,4,04 February 2012,Saturday ,201205,5,201202,February ,2012,20121,20121
2012-02-05,20120205,5,05 February 2012,Sunday   ,201205,5,201202,February ,2012,20121,20121
2012-02-06,20120206,6,06 February 2012,Monday   ,201206,6,201202,February ,2012,20121,20121
2012-02-07,20120207,7,07 February 2012,Tuesday  ,201206,6,201202,February ,2012,20121,20121
2012-02-08,20120208,8,08 February 2012,Wednesday,201206,6,201202,February ,2012,20121,20121
2012-02-09,20120209,9,09 February 2012,Thursday ,201206,6,201202,February ,2012,20121,20121
2012-02-10,20120210,10,10 February 2012,Friday   ,201206,6,201202,February ,2012,20121,20121
2012-02-11,20120211,11,11 February 2012,Saturday ,201206,6,201202,February ,2012,20121,20121
2012-02-12,20120212,12,12 February 2012,Sunday   ,201206,6,201202,February ,2012,20121,20121
2012-02-13,20120213,13,13 February 2012,Monday   ,201207,7,201202,February ,2012,20121,20121
2012-02-14,20120214,14,14 February 2012,Tuesday  ,201207,7,201202,February ,2012,20121,20121
2012-02-15,20120215,15,15 February 2012,Wednesday,201207,7,201202,February ,2012,20121,20121
2012-02-16,20120216,16,16 February 2012,Thursday ,201207,7,201202,February ,2012,20121,20121
2012-02-17,20120217,17,17 February 2012,Friday   ,201207,7,201202,February ,2012,20121,20121
2012-02-18,20120218,18,18 February 2012,Saturday ,201207,7,201202,February ,2012,20121,20121
2012-02-19,20120219,19,19 February 2012,Sunday   ,201207,7,201202,February ,2012,20121,20121
2012-02-20,20120220,20,20 February 2012,Monday   ,201208,8,201202,February ,2012,20121,20121
2012-02-21,20120221,21,21 February 2012,Tuesday  ,201208,8,201202,February ,2012,20121,20121
2012-02-22,20120222,22,22 February 2012,Wednesday,201208,8,201202,February ,2012,20121,20121
2012-02-23,20120223,23,23 February 2012,Thursday ,201208,8,201202,February ,2012,20121,20121
2012-02-24,20120224,24,24 February 2012,Friday   ,201208,8,201202,February ,2012,20121,20121
2012-02-25,20120225,25,25 February 2012,Saturday ,201208,8,201202,February ,2012,20121,20121
2012-02-26,20120226,26,26 February 2012,Sunday   ,201208,8,201202,February ,2012,20121,20121
2012-02-27,20120227,27,27 February 2012,Monday   ,201209,9,201202,February ,2012,20121,20121
2012-02-28,20120228,28,28 February 2012,Tuesday  ,201209,9,201202,February ,2012,20121,20121
2012-02-29,20120229,29,29 February 2012,Wednesday,201209,9,201202,February ,2012,20121,20121
2012-03-01,20120301,1,01 March 2012,Thursday ,201209,9,201203,March    ,2012,20121,20121
2012-03-02,20120302,2,02 March 2012,Friday   ,201209,9,201203,March    ,2012,20121,20121
2012-03-03,20120303,3,03 March 2012,Saturday ,201209,9,201203,March    ,2012,20121,20121
2012-03-04,20120304,4,04 March 2012,Sunday   ,201209,9,201203,March    ,2012,20121,20121
2012-03-05,20120305,5,05 March 2012,Monday   ,201210,10,201203,March    ,2012,20121,20121
2012-03-06,20120306,6,06 March 2012,Tuesday  ,201210,10,201203,March    ,2012,20121,20121
2012-03-07,20120307,7,07 March 2012,Wednesday,201210,10,201203,March    ,2012,20121,20121
2012-03-08,20120308,8,08 March 2012,Thursday ,201210,10,201203,March    ,2012,20121,20121
2012-03-09,20120309,9,09 March 2012,Friday   ,201210,10,201203,March    ,2012,20121,20121
2012-03-10,20120310,10,10 March 2012,Saturday ,201210,10,201203,March    ,2012,20121,20121
2012-03-11,20120311,11,11 March 2012,Sunday   ,201210,10,201203,March    ,2012,20121,20121
2012-03-12,20120312,12,12 March 2012,Monday   ,201211,11,201203,March    ,2012,20121,20121
2012-03-13,20120313,13,13 March 2012,Tuesday  ,201211,11,201203,March    ,2012,20121,20121
2012-03-14,20120314,14,14 March 2012,Wednesday,201211,11,201203,March    ,2012,20121,20121
2012-03-15,20120315,15,15 March 2012,Thursday ,201211,11,201203,March    ,2012,20121,20121
2012-03-16,20120316,16,16 March 2012,Friday   ,201211,11,201203,March    ,2012,20121,20121
2012-03-17,20120317,17,17 March 2012,Saturday ,201211,11,201203,March    ,2012,20121,20121
2012-03-18,20120318,18,18 March 2012,Sunday   ,201211,11,201203,March    ,2012,20121,20121
2012-03-19,20120319,19,19 March 2012,Monday   ,201212,12,201203,March    ,2012,20121,20121
2012-03-20,20120320,20,20 March 2012,Tuesday  ,201212,12,201203,March    ,2012,20121,20121
2012-03-21,20120321,21,21 March 2012,Wednesday,201212,12,201203,March    ,2012,20121,20121
2012-03-22,20120322,22,22 March 2012,Thursday ,201212,12,201203,March    ,2012,20121,20121
2012-03-23,20120323,23,23 March 2012,Friday   ,201212,12,201203,March    ,2012,20121,20121
2012-03-24,20120324,24,24 March 2012,Saturday ,201212,12,201203,March    ,2012,20121,20121
2012-03-25,20120325,25,25 March 2012,Sunday   ,201212,12,201203,March    ,2012,20121,20121
2012-03-26,20120326,26,26 March 2012,Monday   ,201213,13,201203,March    ,2012,20121,20121
2012-03-27,20120327,27,27 March 2012,Tuesday  ,201213,13,201203,March    ,2012,20121,20121
2012-03-28,20120328,28,28 March 2012,Wednesday,201213,13,201203,March    ,2012,20121,20121
2012-03-29,20120329,29,29 March 2012,Thursday ,201213,13,201203,March    ,2012,20121,20121
2012-03-30,20120330,30,30 March 2012,Friday   ,201213,13,201203,March    ,2012,20121,20121
2012-03-31,20120331,31,31 March 2012,Saturday ,201213,13,201203,March    ,2012,20121,20121
2012-04-01,20120401,1,01-Apr-12,Sunday   ,201213,13,201204,April    ,2012,20122,20121
2012-04-02,20120402,2,02-Apr-12,Monday   ,201214,14,201204,April    ,2012,20122,20121
2012-04-03,20120403,3,03-Apr-12,Tuesday  ,201214,14,201204,April    ,2012,20122,20121
2012-04-04,20120404,4,04-Apr-12,Wednesday,201214,14,201204,April    ,2012,20122,20121
2012-04-05,20120405,5,05-Apr-12,Thursday ,201214,14,201204,April    ,2012,20122,20121
2012-04-06,20120406,6,06-Apr-12,Friday   ,201214,14,201204,April    ,2012,20122,20121
2012-04-07,20120407,7,07-Apr-12,Saturday ,201214,14,201204,April    ,2012,20122,20121
2012-04-08,20120408,8,08-Apr-12,Sunday   ,201214,14,201204,April    ,2012,20122,20121
2012-04-09,20120409,9,09-Apr-12,Monday   ,201215,15,201204,April    ,2012,20122,20121
2012-04-10,20120410,10,10-Apr-12,Tuesday  ,201215,15,201204,April    ,2012,20122,20121
2012-04-11,20120411,11,11-Apr-12,Wednesday,201215,15,201204,April    ,2012,20122,20121
2012-04-12,20120412,12,12-Apr-12,Thursday ,201215,15,201204,April    ,2012,20122,20121
2012-04-13,20120413,13,13-Apr-12,Friday   ,201215,15,201204,April    ,2012,20122,20121
2012-04-14,20120414,14,14-Apr-12,Saturday ,201215,15,201204,April    ,2012,20122,20121
2012-04-15,20120415,15,15-Apr-12,Sunday   ,201215,15,201204,April    ,2012,20122,20121
2012-04-16,20120416,16,16-Apr-12,Monday   ,201216,16,201204,April    ,2012,20122,20121
2012-04-17,20120417,17,17-Apr-12,Tuesday  ,201216,16,201204,April    ,2012,20122,20121
2012-04-18,20120418,18,18-Apr-12,Wednesday,201216,16,201204,April    ,2012,20122,20121
2012-04-19,20120419,19,19-Apr-12,Thursday ,201216,16,201204,April    ,2012,20122,20121
2012-04-20,20120420,20,20-Apr-12,Friday   ,201216,16,201204,April    ,2012,20122,20121
2012-04-21,20120421,21,21-Apr-12,Saturday ,201216,16,201204,April    ,2012,20122,20121
2012-04-22,20120422,22,22-Apr-12,Sunday   ,201216,16,201204,April    ,2012,20122,20121
2012-04-23,20120423,23,23-Apr-12,Monday   ,201217,17,201204,April    ,2012,20122,20121
2012-04-24,20120424,24,24-Apr-12,Tuesday  ,201217,17,201204,April    ,2012,20122,20121
2012-04-25,20120425,25,25-Apr-12,Wednesday,201217,17,201204,April    ,2012,20122,20121
2012-04-26,20120426,26,26-Apr-12,Thursday ,201217,17,201204,April    ,2012,20122,20121
2012-04-27,20120427,27,27-Apr-12,Friday   ,201217,17,201204,April    ,2012,20122,20121
2012-04-28,20120428,28,28-Apr-12,Saturday ,201217,17,201204,April    ,2012,20122,20121
2012-04-29,20120429,29,29-Apr-12,Sunday   ,201217,17,201204,April    ,2012,20122,20121
2012-04-30,20120430,30,30-Apr-12,Monday   ,201218,18,201204,April    ,2012,20122,20121
2012-05-01,20120501,1,01 May 2012,Tuesday  ,201218,18,201205,May      ,2012,20122,20121
2012-05-02,20120502,2,02 May 2012,Wednesday,201218,18,201205,May      ,2012,20122,20121
2012-05-03,20120503,3,03 May 2012,Thursday ,201218,18,201205,May      ,2012,20122,20121
2012-05-04,20120504,4,04 May 2012,Friday   ,201218,18,201205,May      ,2012,20122,20121
2012-05-05,20120505,5,05 May 2012,Saturday ,201218,18,201205,May      ,2012,20122,20121
2012-05-06,20120506,6,06 May 2012,Sunday   ,201218,18,201205,May      ,2012,20122,20121
2012-05-07,20120507,7,07 May 2012,Monday   ,201219,19,201205,May      ,2012,20122,20121
2012-05-08,20120508,8,08 May 2012,Tuesday  ,201219,19,201205,May      ,2012,20122,20121
2012-05-09,20120509,9,09 May 2012,Wednesday,201219,19,201205,May      ,2012,20122,20121
2012-05-10,20120510,10,10 May 2012,Thursday ,201219,19,201205,May      ,2012,20122,20121
2012-05-11,20120511,11,11 May 2012,Friday   ,201219,19,201205,May      ,2012,20122,20121
2012-05-12,20120512,12,12 May 2012,Saturday ,201219,19,201205,May      ,2012,20122,20121
2012-05-13,20120513,13,13 May 2012,Sunday   ,201219,19,201205,May      ,2012,20122,20121
2012-05-14,20120514,14,14 May 2012,Monday   ,201220,20,201205,May      ,2012,20122,20121
2012-05-15,20120515,15,15 May 2012,Tuesday  ,201220,20,201205,May      ,2012,20122,20121
2012-05-16,20120516,16,16 May 2012,Wednesday,201220,20,201205,May      ,2012,20122,20121
2012-05-17,20120517,17,17 May 2012,Thursday ,201220,20,201205,May      ,2012,20122,20121
2012-05-18,20120518,18,18 May 2012,Friday   ,201220,20,201205,May      ,2012,20122,20121
2012-05-19,20120519,19,19 May 2012,Saturday ,201220,20,201205,May      ,2012,20122,20121
2012-05-20,20120520,20,20 May 2012,Sunday   ,201220,20,201205,May      ,2012,20122,20121
2012-05-21,20120521,21,21 May 2012,Monday   ,201221,21,201205,May      ,2012,20122,20121
2012-05-22,20120522,22,22 May 2012,Tuesday  ,201221,21,201205,May      ,2012,20122,20121
2012-05-23,20120523,23,23 May 2012,Wednesday,201221,21,201205,May      ,2012,20122,20121
2012-05-24,20120524,24,24 May 2012,Thursday ,201221,21,201205,May      ,2012,20122,20121
2012-05-25,20120525,25,25 May 2012,Friday   ,201221,21,201205,May      ,2012,20122,20121
2012-05-26,20120526,26,26 May 2012,Saturday ,201221,21,201205,May      ,2012,20122,20121
2012-05-27,20120527,27,27 May 2012,Sunday   ,201221,21,201205,May      ,2012,20122,20121
2012-05-28,20120528,28,28 May 2012,Monday   ,201222,22,201205,May      ,2012,20122,20121
2012-05-29,20120529,29,29 May 2012,Tuesday  ,201222,22,201205,May      ,2012,20122,20121
2012-05-30,20120530,30,30 May 2012,Wednesday,201222,22,201205,May      ,2012,20122,20121
2012-05-31,20120531,31,31 May 2012,Thursday ,201222,22,201205,May      ,2012,20122,20121
2012-06-01,20120601,1,01 June 2012,Friday   ,201222,22,201206,June     ,2012,20122,20121
2012-06-02,20120602,2,02 June 2012,Saturday ,201222,22,201206,June     ,2012,20122,20121
2012-06-03,20120603,3,03 June 2012,Sunday   ,201222,22,201206,June     ,2012,20122,20121
2012-06-04,20120604,4,04 June 2012,Monday   ,201223,23,201206,June     ,2012,20122,20121
2012-06-05,20120605,5,05 June 2012,Tuesday  ,201223,23,201206,June     ,2012,20122,20121
2012-06-06,20120606,6,06 June 2012,Wednesday,201223,23,201206,June     ,2012,20122,20121
2012-06-07,20120607,7,07 June 2012,Thursday ,201223,23,201206,June     ,2012,20122,20121
2012-06-08,20120608,8,08 June 2012,Friday   ,201223,23,201206,June     ,2012,20122,20121
2012-06-09,20120609,9,09 June 2012,Saturday ,201223,23,201206,June     ,2012,20122,20121
2012-06-10,20120610,10,10 June 2012,Sunday   ,201223,23,201206,June     ,2012,20122,20121
2012-06-11,20120611,11,11 June 2012,Monday   ,201224,24,201206,June     ,2012,20122,20121
2012-06-12,20120612,12,12 June 2012,Tuesday  ,201224,24,201206,June     ,2012,20122,20121
2012-06-13,20120613,13,13 June 2012,Wednesday,201224,24,201206,June     ,2012,20122,20121
2012-06-14,20120614,14,14 June 2012,Thursday ,201224,24,201206,June     ,2012,20122,20121
2012-06-15,20120615,15,15 June 2012,Friday   ,201224,24,201206,June     ,2012,20122,20121
2012-06-16,20120616,16,16 June 2012,Saturday ,201224,24,201206,June     ,2012,20122,20121
2012-06-17,20120617,17,17 June 2012,Sunday   ,201224,24,201206,June     ,2012,20122,20121
2012-06-18,20120618,18,18 June 2012,Monday   ,201225,25,201206,June     ,2012,20122,20121
2012-06-19,20120619,19,19 June 2012,Tuesday  ,201225,25,201206,June     ,2012,20122,20121
2012-06-20,20120620,20,20 June 2012,Wednesday,201225,25,201206,June     ,2012,20122,20121
2012-06-21,20120621,21,21 June 2012,Thursday ,201225,25,201206,June     ,2012,20122,20121
2012-06-22,20120622,22,22 June 2012,Friday   ,201225,25,201206,June     ,2012,20122,20121
2012-06-23,20120623,23,23 June 2012,Saturday ,201225,25,201206,June     ,2012,20122,20121
2012-06-24,20120624,24,24 June 2012,Sunday   ,201225,25,201206,June     ,2012,20122,20121
2012-06-25,20120625,25,25 June 2012,Monday   ,201226,26,201206,June     ,2012,20122,20121
2012-06-26,20120626,26,26 June 2012,Tuesday  ,201226,26,201206,June     ,2012,20122,20121
2012-06-27,20120627,27,27 June 2012,Wednesday,201226,26,201206,June     ,2012,20122,20121
2012-06-28,20120628,28,28 June 2012,Thursday ,201226,26,201206,June     ,2012,20122,20121
2012-06-29,20120629,29,29 June 2012,Friday   ,201226,26,201206,June     ,2012,20122,20121
2012-06-30,20120630,30,30 June 2012,Saturday ,201226,26,201206,June     ,2012,20122,20121
2012-07-01,20120701,1,01 July 2012,Sunday   ,201226,26,201207,July     ,2012,20123,20122
2012-07-02,20120702,2,02 July 2012,Monday   ,201227,27,201207,July     ,2012,20123,20122
2012-07-03,20120703,3,03 July 2012,Tuesday  ,201227,27,201207,July     ,2012,20123,20122
2012-07-04,20120704,4,04 July 2012,Wednesday,201227,27,201207,July     ,2012,20123,20122
2012-07-05,20120705,5,05 July 2012,Thursday ,201227,27,201207,July     ,2012,20123,20122
2012-07-06,20120706,6,06 July 2012,Friday   ,201227,27,201207,July     ,2012,20123,20122
2012-07-07,20120707,7,07 July 2012,Saturday ,201227,27,201207,July     ,2012,20123,20122
2012-07-08,20120708,8,08 July 2012,Sunday   ,201227,27,201207,July     ,2012,20123,20122
2012-07-09,20120709,9,09 July 2012,Monday   ,201228,28,201207,July     ,2012,20123,20122
2012-07-10,20120710,10,10 July 2012,Tuesday  ,201228,28,201207,July     ,2012,20123,20122
2012-07-11,20120711,11,11 July 2012,Wednesday,201228,28,201207,July     ,2012,20123,20122
2012-07-12,20120712,12,12 July 2012,Thursday ,201228,28,201207,July     ,2012,20123,20122
2012-07-13,20120713,13,13 July 2012,Friday   ,201228,28,201207,July     ,2012,20123,20122
2012-07-14,20120714,14,14 July 2012,Saturday ,201228,28,201207,July     ,2012,20123,20122
2012-07-15,20120715,15,15 July 2012,Sunday   ,201228,28,201207,July     ,2012,20123,20122
2012-07-16,20120716,16,16 July 2012,Monday   ,201229,29,201207,July     ,2012,20123,20122
2012-07-17,20120717,17,17 July 2012,Tuesday  ,201229,29,201207,July     ,2012,20123,20122
2012-07-18,20120718,18,18 July 2012,Wednesday,201229,29,201207,July     ,2012,20123,20122
2012-07-19,20120719,19,19 July 2012,Thursday ,201229,29,201207,July     ,2012,20123,20122
2012-07-20,20120720,20,20 July 2012,Friday   ,201229,29,201207,July     ,2012,20123,20122
2012-07-21,20120721,21,21 July 2012,Saturday ,201229,29,201207,July     ,2012,20123,20122
2012-07-22,20120722,22,22 July 2012,Sunday   ,201229,29,201207,July     ,2012,20123,20122
2012-07-23,20120723,23,23 July 2012,Monday   ,201230,30,201207,July     ,2012,20123,20122
2012-07-24,20120724,24,24 July 2012,Tuesday  ,201230,30,201207,July     ,2012,20123,20122
2012-07-25,20120725,25,25 July 2012,Wednesday,201230,30,201207,July     ,2012,20123,20122
2012-07-26,20120726,26,26 July 2012,Thursday ,201230,30,201207,July     ,2012,20123,20122
2012-07-27,20120727,27,27 July 2012,Friday   ,201230,30,201207,July     ,2012,20123,20122
2012-07-28,20120728,28,28 July 2012,Saturday ,201230,30,201207,July     ,2012,20123,20122
2012-07-29,20120729,29,29 July 2012,Sunday   ,201230,30,201207,July     ,2012,20123,20122
2012-07-30,20120730,30,30 July 2012,Monday   ,201231,31,201207,July     ,2012,20123,20122
2012-07-31,20120731,31,31 July 2012,Tuesday  ,201231,31,201207,July     ,2012,20123,20122
2012-08-01,20120801,1,01 August 2012,Wednesday,201231,31,201208,August   ,2012,20123,20122
2012-08-02,20120802,2,02 August 2012,Thursday ,201231,31,201208,August   ,2012,20123,20122
2012-08-03,20120803,3,03 August 2012,Friday   ,201231,31,201208,August   ,2012,20123,20122
2012-08-04,20120804,4,04 August 2012,Saturday ,201231,31,201208,August   ,2012,20123,20122
2012-08-05,20120805,5,05 August 2012,Sunday   ,201231,31,201208,August   ,2012,20123,20122
2012-08-06,20120806,6,06 August 2012,Monday   ,201232,32,201208,August   ,2012,20123,20122
2012-08-07,20120807,7,07 August 2012,Tuesday  ,201232,32,201208,August   ,2012,20123,20122
2012-08-08,20120808,8,08 August 2012,Wednesday,201232,32,201208,August   ,2012,20123,20122
2012-08-09,20120809,9,09 August 2012,Thursday ,201232,32,201208,August   ,2012,20123,20122
2012-08-10,20120810,10,10 August 2012,Friday   ,201232,32,201208,August   ,2012,20123,20122
2012-08-11,20120811,11,11 August 2012,Saturday ,201232,32,201208,August   ,2012,20123,20122
2012-08-12,20120812,12,12 August 2012,Sunday   ,201232,32,201208,August   ,2012,20123,20122
2012-08-13,20120813,13,13 August 2012,Monday   ,201233,33,201208,August   ,2012,20123,20122
2012-08-14,20120814,14,14 August 2012,Tuesday  ,201233,33,201208,August   ,2012,20123,20122
2012-08-15,20120815,15,15 August 2012,Wednesday,201233,33,201208,August   ,2012,20123,20122
2012-08-16,20120816,16,16 August 2012,Thursday ,201233,33,201208,August   ,2012,20123,20122
2012-08-17,20120817,17,17 August 2012,Friday   ,201233,33,201208,August   ,2012,20123,20122
2012-08-18,20120818,18,18 August 2012,Saturday ,201233,33,201208,August   ,2012,20123,20122
2012-08-19,20120819,19,19 August 2012,Sunday   ,201233,33,201208,August   ,2012,20123,20122
2012-08-20,20120820,20,20 August 2012,Monday   ,201234,34,201208,August   ,2012,20123,20122
2012-08-21,20120821,21,21 August 2012,Tuesday  ,201234,34,201208,August   ,2012,20123,20122
2012-08-22,20120822,22,22 August 2012,Wednesday,201234,34,201208,August   ,2012,20123,20122
2012-08-23,20120823,23,23 August 2012,Thursday ,201234,34,201208,August   ,2012,20123,20122
2012-08-24,20120824,24,24 August 2012,Friday   ,201234,34,201208,August   ,2012,20123,20122
2012-08-25,20120825,25,25 August 2012,Saturday ,201234,34,201208,August   ,2012,20123,20122
2012-08-26,20120826,26,26 August 2012,Sunday   ,201234,34,201208,August   ,2012,20123,20122
2012-08-27,20120827,27,27 August 2012,Monday   ,201235,35,201208,August   ,2012,20123,20122
2012-08-28,20120828,28,28 August 2012,Tuesday  ,201235,35,201208,August   ,2012,20123,20122
2012-08-29,20120829,29,29 August 2012,Wednesday,201235,35,201208,August   ,2012,20123,20122
2012-08-30,20120830,30,30 August 2012,Thursday ,201235,35,201208,August   ,2012,20123,20122
2012-08-31,20120831,31,31 August 2012,Friday   ,201235,35,201208,August   ,2012,20123,20122
2012-09-01,20120901,1,01 September 2012,Saturday ,201235,35,201209,September,2012,20123,20122
2012-09-02,20120902,2,02 September 2012,Sunday   ,201235,35,201209,September,2012,20123,20122
2012-09-03,20120903,3,03 September 2012,Monday   ,201236,36,201209,September,2012,20123,20122
2012-09-04,20120904,4,04 September 2012,Tuesday  ,201236,36,201209,September,2012,20123,20122
2012-09-05,20120905,5,05 September 2012,Wednesday,201236,36,201209,September,2012,20123,20122
2012-09-06,20120906,6,06 September 2012,Thursday ,201236,36,201209,September,2012,20123,20122
2012-09-07,20120907,7,07 September 2012,Friday   ,201236,36,201209,September,2012,20123,20122
2012-09-08,20120908,8,08 September 2012,Saturday ,201236,36,201209,September,2012,20123,20122
2012-09-09,20120909,9,09 September 2012,Sunday   ,201236,36,201209,September,2012,20123,20122
2012-09-10,20120910,10,10 September 2012,Monday   ,201237,37,201209,September,2012,20123,20122
2012-09-11,20120911,11,11 September 2012,Tuesday  ,201237,37,201209,September,2012,20123,20122
2012-09-12,20120912,12,12 September 2012,Wednesday,201237,37,201209,September,2012,20123,20122
2012-09-13,20120913,13,13 September 2012,Thursday ,201237,37,201209,September,2012,20123,20122
2012-09-14,20120914,14,14 September 2012,Friday   ,201237,37,201209,September,2012,20123,20122
2012-09-15,20120915,15,15 September 2012,Saturday ,201237,37,201209,September,2012,20123,20122
2012-09-16,20120916,16,16 September 2012,Sunday   ,201237,37,201209,September,2012,20123,20122
2012-09-17,20120917,17,17 September 2012,Monday   ,201238,38,201209,September,2012,20123,20122
2012-09-18,20120918,18,18 September 2012,Tuesday  ,201238,38,201209,September,2012,20123,20122
2012-09-19,20120919,19,19 September 2012,Wednesday,201238,38,201209,September,2012,20123,20122
2012-09-20,20120920,20,20 September 2012,Thursday ,201238,38,201209,September,2012,20123,20122
2012-09-21,20120921,21,21 September 2012,Friday   ,201238,38,201209,September,2012,20123,20122
2012-09-22,20120922,22,22 September 2012,Saturday ,201238,38,201209,September,2012,20123,20122
2012-09-23,20120923,23,23 September 2012,Sunday   ,201238,38,201209,September,2012,20123,20122
2012-09-24,20120924,24,24 September 2012,Monday   ,201239,39,201209,September,2012,20123,20122
2012-09-25,20120925,25,25 September 2012,Tuesday  ,201239,39,201209,September,2012,20123,20122
2012-09-26,20120926,26,26 September 2012,Wednesday,201239,39,201209,September,2012,20123,20122
2012-09-27,20120927,27,27 September 2012,Thursday ,201239,39,201209,September,2012,20123,20122
2012-09-28,20120928,28,28 September 2012,Friday   ,201239,39,201209,September,2012,20123,20122
2012-09-29,20120929,29,29 September 2012,Saturday ,201239,39,201209,September,2012,20123,20122
2012-09-30,20120930,30,30 September 2012,Sunday   ,201239,39,201209,September,2012,20123,20122
2012-10-01,20121001,1,01 October 2012,Monday   ,201240,40,201210,October  ,2012,20124,20122
2012-10-02,20121002,2,02 October 2012,Tuesday  ,201240,40,201210,October  ,2012,20124,20122
2012-10-03,20121003,3,03 October 2012,Wednesday,201240,40,201210,October  ,2012,20124,20122
2012-10-04,20121004,4,04 October 2012,Thursday ,201240,40,201210,October  ,2012,20124,20122
2012-10-05,20121005,5,05 October 2012,Friday   ,201240,40,201210,October  ,2012,20124,20122
2012-10-06,20121006,6,06 October 2012,Saturday ,201240,40,201210,October  ,2012,20124,20122
2012-10-07,20121007,7,07 October 2012,Sunday   ,201240,40,201210,October  ,2012,20124,20122
2012-10-08,20121008,8,08 October 2012,Monday   ,201241,41,201210,October  ,2012,20124,20122
2012-10-09,20121009,9,09 October 2012,Tuesday  ,201241,41,201210,October  ,2012,20124,20122
2012-10-10,20121010,10,10 October 2012,Wednesday,201241,41,201210,October  ,2012,20124,20122
2012-10-11,20121011,11,11 October 2012,Thursday ,201241,41,201210,October  ,2012,20124,20122
2012-10-12,20121012,12,12 October 2012,Friday   ,201241,41,201210,October  ,2012,20124,20122
2012-10-13,20121013,13,13 October 2012,Saturday ,201241,41,201210,October  ,2012,20124,20122
2012-10-14,20121014,14,14 October 2012,Sunday   ,201241,41,201210,October  ,2012,20124,20122
2012-10-15,20121015,15,15 October 2012,Monday   ,201242,42,201210,October  ,2012,20124,20122
2012-10-16,20121016,16,16 October 2012,Tuesday  ,201242,42,201210,October  ,2012,20124,20122
2012-10-17,20121017,17,17 October 2012,Wednesday,201242,42,201210,October  ,2012,20124,20122
2012-10-18,20121018,18,18 October 2012,Thursday ,201242,42,201210,October  ,2012,20124,20122
2012-10-19,20121019,19,19 October 2012,Friday   ,201242,42,201210,October  ,2012,20124,20122
2012-10-20,20121020,20,20 October 2012,Saturday ,201242,42,201210,October  ,2012,20124,20122
2012-10-21,20121021,21,21 October 2012,Sunday   ,201242,42,201210,October  ,2012,20124,20122
2012-10-22,20121022,22,22 October 2012,Monday   ,201243,43,201210,October  ,2012,20124,20122
2012-10-23,20121023,23,23 October 2012,Tuesday  ,201243,43,201210,October  ,2012,20124,20122
2012-10-24,20121024,24,24 October 2012,Wednesday,201243,43,201210,October  ,2012,20124,20122
2012-10-25,20121025,25,25 October 2012,Thursday ,201243,43,201210,October  ,2012,20124,20122
2012-10-26,20121026,26,26 October 2012,Friday   ,201243,43,201210,October  ,2012,20124,20122
2012-10-27,20121027,27,27 October 2012,Saturday ,201243,43,201210,October  ,2012,20124,20122
2012-10-28,20121028,28,28 October 2012,Sunday   ,201243,43,201210,October  ,2012,20124,20122
2012-10-29,20121029,29,29 October 2012,Monday   ,201244,44,201210,October  ,2012,20124,20122
2012-10-30,20121030,30,30 October 2012,Tuesday  ,201244,44,201210,October  ,2012,20124,20122
2012-10-31,20121031,31,31 October 2012,Wednesday,201244,44,201210,October  ,2012,20124,20122
2012-11-01,20121101,1,01 November 2012,Thursday ,201244,44,201211,November ,2012,20124,20122
2012-11-02,20121102,2,02 November 2012,Friday   ,201244,44,201211,November ,2012,20124,20122
2012-11-03,20121103,3,03 November 2012,Saturday ,201244,44,201211,November ,2012,20124,20122
2012-11-04,20121104,4,04 November 2012,Sunday   ,201244,44,201211,November ,2012,20124,20122
2012-11-05,20121105,5,05 November 2012,Monday   ,201245,45,201211,November ,2012,20124,20122
2012-11-06,20121106,6,06 November 2012,Tuesday  ,201245,45,201211,November ,2012,20124,20122
2012-11-07,20121107,7,07 November 2012,Wednesday,201245,45,201211,November ,2012,20124,20122
2012-11-08,20121108,8,08 November 2012,Thursday ,201245,45,201211,November ,2012,20124,20122
2012-11-09,20121109,9,09 November 2012,Friday   ,201245,45,201211,November ,2012,20124,20122
2012-11-10,20121110,10,10 November 2012,Saturday ,201245,45,201211,November ,2012,20124,20122
2012-11-11,20121111,11,11 November 2012,Sunday   ,201245,45,201211,November ,2012,20124,20122
2012-11-12,20121112,12,12 November 2012,Monday   ,201246,46,201211,November ,2012,20124,20122
2012-11-13,20121113,13,13 November 2012,Tuesday  ,201246,46,201211,November ,2012,20124,20122
2012-11-14,20121114,14,14 November 2012,Wednesday,201246,46,201211,November ,2012,20124,20122
2012-11-15,20121115,15,15 November 2012,Thursday ,201246,46,201211,November ,2012,20124,20122
2012-11-16,20121116,16,16 November 2012,Friday   ,201246,46,201211,November ,2012,20124,20122
2012-11-17,20121117,17,17 November 2012,Saturday ,201246,46,201211,November ,2012,20124,20122
2012-11-18,20121118,18,18 November 2012,Sunday   ,201246,46,201211,November ,2012,20124,20122
2012-11-19,20121119,19,19 November 2012,Monday   ,201247,47,201211,November ,2012,20124,20122
2012-11-20,20121120,20,20 November 2012,Tuesday  ,201247,47,201211,November ,2012,20124,20122
2012-11-21,20121121,21,21 November 2012,Wednesday,201247,47,201211,November ,2012,20124,20122
2012-11-22,20121122,22,22 November 2012,Thursday ,201247,47,201211,November ,2012,20124,20122
2012-11-23,20121123,23,23 November 2012,Friday   ,201247,47,201211,November ,2012,20124,20122
2012-11-24,20121124,24,24 November 2012,Saturday ,201247,47,201211,November ,2012,20124,20122
2012-11-25,20121125,25,25 November 2012,Sunday   ,201247,47,201211,November ,2012,20124,20122
2012-11-26,20121126,26,26 November 2012,Monday   ,201248,48,201211,November ,2012,20124,20122
2012-11-27,20121127,27,27 November 2012,Tuesday  ,201248,48,201211,November ,2012,20124,20122
2012-11-28,20121128,28,28 November 2012,Wednesday,201248,48,201211,November ,2012,20124,20122
2012-11-29,20121129,29,29 November 2012,Thursday ,201248,48,201211,November ,2012,20124,20122
2012-11-30,20121130,30,30 November 2012,Friday   ,201248,48,201211,November ,2012,20124,20122
2012-12-01,20121201,1,01 December 2012,Saturday ,201248,48,201212,December ,2012,20124,20122
2012-12-02,20121202,2,02 December 2012,Sunday   ,201248,48,201212,December ,2012,20124,20122
2012-12-03,20121203,3,03 December 2012,Monday   ,201249,49,201212,December ,2012,20124,20122
2012-12-04,20121204,4,04 December 2012,Tuesday  ,201249,49,201212,December ,2012,20124,20122
2012-12-05,20121205,5,05 December 2012,Wednesday,201249,49,201212,December ,2012,20124,20122
2012-12-06,20121206,6,06 December 2012,Thursday ,201249,49,201212,December ,2012,20124,20122
2012-12-07,20121207,7,07 December 2012,Friday   ,201249,49,201212,December ,2012,20124,20122
2012-12-08,20121208,8,08 December 2012,Saturday ,201249,49,201212,December ,2012,20124,20122
2012-12-09,20121209,9,09 December 2012,Sunday   ,201249,49,201212,December ,2012,20124,20122
2012-12-10,20121210,10,10 December 2012,Monday   ,201250,50,201212,December ,2012,20124,20122
2012-12-11,20121211,11,11 December 2012,Tuesday  ,201250,50,201212,December ,2012,20124,20122
2012-12-12,20121212,12,12 December 2012,Wednesday,201250,50,201212,December ,2012,20124,20122
2012-12-13,20121213,13,13 December 2012,Thursday ,201250,50,201212,December ,2012,20124,20122
2012-12-14,20121214,14,14 December 2012,Friday   ,201250,50,201212,December ,2012,20124,20122
2012-12-15,20121215,15,15 December 2012,Saturday ,201250,50,201212,December ,2012,20124,20122
2012-12-16,20121216,16,16 December 2012,Sunday   ,201250,50,201212,December ,2012,20124,20122
2012-12-17,20121217,17,17 December 2012,Monday   ,201251,51,201212,December ,2012,20124,20122
2012-12-18,20121218,18,18 December 2012,Tuesday  ,201251,51,201212,December ,2012,20124,20122
2012-12-19,20121219,19,19 December 2012,Wednesday,201251,51,201212,December ,2012,20124,20122
2012-12-20,20121220,20,20 December 2012,Thursday ,201251,51,201212,December ,2012,20124,20122
2012-12-21,20121221,21,21 December 2012,Friday   ,201251,51,201212,December ,2012,20124,20122
2012-12-22,20121222,22,22 December 2012,Saturday ,201251,51,201212,December ,2012,20124,20122
2012-12-23,20121223,23,23 December 2012,Sunday   ,201251,51,201212,December ,2012,20124,20122
2012-12-24,20121224,24,24 December 2012,Monday   ,201252,52,201212,December ,2012,20124,20122
2012-12-25,20121225,25,25 December 2012,Tuesday  ,201252,52,201212,December ,2012,20124,20122
2012-12-26,20121226,26,26 December 2012,Wednesday,201252,52,201212,December ,2012,20124,20122
2012-12-27,20121227,27,27 December 2012,Thursday ,201252,52,201212,December ,2012,20124,20122
2012-12-28,20121228,28,28 December 2012,Friday   ,201252,52,201212,December ,2012,20124,20122
2012-12-29,20121229,29,29 December 2012,Saturday ,201252,52,201212,December ,2012,20124,20122
2012-12-30,20121230,30,30 December 2012,Sunday   ,201252,52,201212,December ,2012,20124,20122
2012-12-31,20121231,31,31 December 2012,Monday   ,201201,1,201212,December ,2012,20124,20122
2013-01-01,20130101,1,01 January 2013,Tuesday  ,201301,1,201301,January  ,2013,20131,20131
2013-01-02,20130102,2,02 January 2013,Wednesday,201301,1,201301,January  ,2013,20131,20131
2013-01-03,20130103,3,03 January 2013,Thursday ,201301,1,201301,January  ,2013,20131,20131
2013-01-04,20130104,4,04 January 2013,Friday   ,201301,1,201301,January  ,2013,20131,20131
2013-01-05,20130105,5,05 January 2013,Saturday ,201301,1,201301,January  ,2013,20131,20131
2013-01-06,20130106,6,06 January 2013,Sunday   ,201301,1,201301,January  ,2013,20131,20131
2013-01-07,20130107,7,07 January 2013,Monday   ,201302,2,201301,January  ,2013,20131,20131
2013-01-08,20130108,8,08 January 2013,Tuesday  ,201302,2,201301,January  ,2013,20131,20131
2013-01-09,20130109,9,09 January 2013,Wednesday,201302,2,201301,January  ,2013,20131,20131
2013-01-10,20130110,10,10 January 2013,Thursday ,201302,2,201301,January  ,2013,20131,20131
2013-01-11,20130111,11,11 January 2013,Friday   ,201302,2,201301,January  ,2013,20131,20131
2013-01-12,20130112,12,12 January 2013,Saturday ,201302,2,201301,January  ,2013,20131,20131
2013-01-13,20130113,13,13 January 2013,Sunday   ,201302,2,201301,January  ,2013,20131,20131
2013-01-14,20130114,14,14 January 2013,Monday   ,201303,3,201301,January  ,2013,20131,20131
2013-01-15,20130115,15,15 January 2013,Tuesday  ,201303,3,201301,January  ,2013,20131,20131
2013-01-16,20130116,16,16 January 2013,Wednesday,201303,3,201301,January  ,2013,20131,20131
2013-01-17,20130117,17,17 January 2013,Thursday ,201303,3,201301,January  ,2013,20131,20131
2013-01-18,20130118,18,18 January 2013,Friday   ,201303,3,201301,January  ,2013,20131,20131
2013-01-19,20130119,19,19 January 2013,Saturday ,201303,3,201301,January  ,2013,20131,20131
2013-01-20,20130120,20,20 January 2013,Sunday   ,201303,3,201301,January  ,2013,20131,20131
2013-01-21,20130121,21,21 January 2013,Monday   ,201304,4,201301,January  ,2013,20131,20131
2013-01-22,20130122,22,22 January 2013,Tuesday  ,201304,4,201301,January  ,2013,20131,20131
2013-01-23,20130123,23,23 January 2013,Wednesday,201304,4,201301,January  ,2013,20131,20131
2013-01-24,20130124,24,24 January 2013,Thursday ,201304,4,201301,January  ,2013,20131,20131
2013-01-25,20130125,25,25 January 2013,Friday   ,201304,4,201301,January  ,2013,20131,20131
2013-01-26,20130126,26,26 January 2013,Saturday ,201304,4,201301,January  ,2013,20131,20131
2013-01-27,20130127,27,27 January 2013,Sunday   ,201304,4,201301,January  ,2013,20131,20131
2013-01-28,20130128,28,28 January 2013,Monday   ,201305,5,201301,January  ,2013,20131,20131
2013-01-29,20130129,29,29 January 2013,Tuesday  ,201305,5,201301,January  ,2013,20131,20131
2013-01-30,20130130,30,30 January 2013,Wednesday,201305,5,201301,January  ,2013,20131,20131
2013-01-31,20130131,31,31 January 2013,Thursday ,201305,5,201301,January  ,2013,20131,20131
2013-02-25,20130225,25,25 February 2013,Monday   ,201309,9,201302,February ,2013,20131,20131
2013-02-26,20130226,26,26 February 2013,Tuesday  ,201309,9,201302,February ,2013,20131,20131
2013-02-27,20130227,27,27 February 2013,Wednesday,201309,9,201302,February ,2013,20131,20131
2013-02-28,20130228,28,28 February 2013,Thursday ,201309,9,201302,February ,2013,20131,20131
2013-02-01,20130201,1,01 February 2013,Friday   ,201305,5,201302,February ,2013,20131,20131
2013-02-02,20130202,2,02 February 2013,Saturday ,201305,5,201302,February ,2013,20131,20131
2013-02-03,20130203,3,03 February 2013,Sunday   ,201305,5,201302,February ,2013,20131,20131
2013-02-04,20130204,4,04 February 2013,Monday   ,201306,6,201302,February ,2013,20131,20131
2013-02-05,20130205,5,05 February 2013,Tuesday  ,201306,6,201302,February ,2013,20131,20131
2013-02-06,20130206,6,06 February 2013,Wednesday,201306,6,201302,February ,2013,20131,20131
2013-02-07,20130207,7,07 February 2013,Thursday ,201306,6,201302,February ,2013,20131,20131
2013-02-08,20130208,8,08 February 2013,Friday   ,201306,6,201302,February ,2013,20131,20131
2013-02-09,20130209,9,09 February 2013,Saturday ,201306,6,201302,February ,2013,20131,20131
2013-02-10,20130210,10,10 February 2013,Sunday   ,201306,6,201302,February ,2013,20131,20131
2013-02-11,20130211,11,11 February 2013,Monday   ,201307,7,201302,February ,2013,20131,20131
2013-02-12,20130212,12,12 February 2013,Tuesday  ,201307,7,201302,February ,2013,20131,20131
2013-02-13,20130213,13,13 February 2013,Wednesday,201307,7,201302,February ,2013,20131,20131
2013-02-14,20130214,14,14 February 2013,Thursday ,201307,7,201302,February ,2013,20131,20131
2013-02-15,20130215,15,15 February 2013,Friday   ,201307,7,201302,February ,2013,20131,20131
2013-02-16,20130216,16,16 February 2013,Saturday ,201307,7,201302,February ,2013,20131,20131
2013-02-17,20130217,17,17 February 2013,Sunday   ,201307,7,201302,February ,2013,20131,20131
2013-02-18,20130218,18,18 February 2013,Monday   ,201308,8,201302,February ,2013,20131,20131
2013-02-19,20130219,19,19 February 2013,Tuesday  ,201308,8,201302,February ,2013,20131,20131
2013-02-20,20130220,20,20 February 2013,Wednesday,201308,8,201302,February ,2013,20131,20131
2013-02-21,20130221,21,21 February 2013,Thursday ,201308,8,201302,February ,2013,20131,20131
2013-02-22,20130222,22,22 February 2013,Friday   ,201308,8,201302,February ,2013,20131,20131
2013-02-23,20130223,23,23 February 2013,Saturday ,201308,8,201302,February ,2013,20131,20131
2013-02-24,20130224,24,24 February 2013,Sunday   ,201308,8,201302,February ,2013,20131,20131
2013-03-01,20130301,1,01 March 2013,Friday   ,201309,9,201303,March    ,2013,20131,20131
2013-03-02,20130302,2,02 March 2013,Saturday ,201309,9,201303,March    ,2013,20131,20131
2013-03-03,20130303,3,03 March 2013,Sunday   ,201309,9,201303,March    ,2013,20131,20131
2013-03-04,20130304,4,04 March 2013,Monday   ,201310,10,201303,March    ,2013,20131,20131
2013-03-05,20130305,5,05 March 2013,Tuesday  ,201310,10,201303,March    ,2013,20131,20131
2013-03-06,20130306,6,06 March 2013,Wednesday,201310,10,201303,March    ,2013,20131,20131
2013-03-07,20130307,7,07 March 2013,Thursday ,201310,10,201303,March    ,2013,20131,20131
2013-03-08,20130308,8,08 March 2013,Friday   ,201310,10,201303,March    ,2013,20131,20131
2013-03-09,20130309,9,09 March 2013,Saturday ,201310,10,201303,March    ,2013,20131,20131
2013-03-10,20130310,10,10 March 2013,Sunday   ,201310,10,201303,March    ,2013,20131,20131
2013-03-11,20130311,11,11 March 2013,Monday   ,201311,11,201303,March    ,2013,20131,20131
2013-03-12,20130312,12,12 March 2013,Tuesday  ,201311,11,201303,March    ,2013,20131,20131
2013-03-13,20130313,13,13 March 2013,Wednesday,201311,11,201303,March    ,2013,20131,20131
2013-03-14,20130314,14,14 March 2013,Thursday ,201311,11,201303,March    ,2013,20131,20131
2013-03-15,20130315,15,15 March 2013,Friday   ,201311,11,201303,March    ,2013,20131,20131
2013-03-16,20130316,16,16 March 2013,Saturday ,201311,11,201303,March    ,2013,20131,20131
2013-03-17,20130317,17,17 March 2013,Sunday   ,201311,11,201303,March    ,2013,20131,20131
2013-03-18,20130318,18,18 March 2013,Monday   ,201312,12,201303,March    ,2013,20131,20131
2013-03-19,20130319,19,19 March 2013,Tuesday  ,201312,12,201303,March    ,2013,20131,20131
2013-03-20,20130320,20,20 March 2013,Wednesday,201312,12,201303,March    ,2013,20131,20131
2013-03-21,20130321,21,21 March 2013,Thursday ,201312,12,201303,March    ,2013,20131,20131
2013-03-22,20130322,22,22 March 2013,Friday   ,201312,12,201303,March    ,2013,20131,20131
2013-03-23,20130323,23,23 March 2013,Saturday ,201312,12,201303,March    ,2013,20131,20131
2013-03-24,20130324,24,24 March 2013,Sunday   ,201312,12,201303,March    ,2013,20131,20131
2013-03-25,20130325,25,25 March 2013,Monday   ,201313,13,201303,March    ,2013,20131,20131
2013-03-26,20130326,26,26 March 2013,Tuesday  ,201313,13,201303,March    ,2013,20131,20131
2013-03-27,20130327,27,27 March 2013,Wednesday,201313,13,201303,March    ,2013,20131,20131
2013-03-28,20130328,28,28 March 2013,Thursday ,201313,13,201303,March    ,2013,20131,20131
2013-03-29,20130329,29,29 March 2013,Friday   ,201313,13,201303,March    ,2013,20131,20131
2013-03-30,20130330,30,30 March 2013,Saturday ,201313,13,201303,March    ,2013,20131,20131
2013-03-31,20130331,31,31 March 2013,Sunday   ,201313,13,201303,March    ,2013,20131,20131
2013-04-01,20130401,1,01-Apr-13,Monday   ,201314,14,201304,April    ,2013,20132,20131
2013-04-02,20130402,2,02-Apr-13,Tuesday  ,201314,14,201304,April    ,2013,20132,20131
2013-04-03,20130403,3,03-Apr-13,Wednesday,201314,14,201304,April    ,2013,20132,20131
2013-04-04,20130404,4,04-Apr-13,Thursday ,201314,14,201304,April    ,2013,20132,20131
2013-04-05,20130405,5,05-Apr-13,Friday   ,201314,14,201304,April    ,2013,20132,20131
2013-04-06,20130406,6,06-Apr-13,Saturday ,201314,14,201304,April    ,2013,20132,20131
2013-04-07,20130407,7,07-Apr-13,Sunday   ,201314,14,201304,April    ,2013,20132,20131
2013-04-08,20130408,8,08-Apr-13,Monday   ,201315,15,201304,April    ,2013,20132,20131
2013-04-09,20130409,9,09-Apr-13,Tuesday  ,201315,15,201304,April    ,2013,20132,20131
2013-04-10,20130410,10,10-Apr-13,Wednesday,201315,15,201304,April    ,2013,20132,20131
2013-04-11,20130411,11,11-Apr-13,Thursday ,201315,15,201304,April    ,2013,20132,20131
2013-04-12,20130412,12,12-Apr-13,Friday   ,201315,15,201304,April    ,2013,20132,20131
2013-04-13,20130413,13,13-Apr-13,Saturday ,201315,15,201304,April    ,2013,20132,20131
2013-04-14,20130414,14,14-Apr-13,Sunday   ,201315,15,201304,April    ,2013,20132,20131
2013-04-15,20130415,15,15-Apr-13,Monday   ,201316,16,201304,April    ,2013,20132,20131
2013-04-16,20130416,16,16-Apr-13,Tuesday  ,201316,16,201304,April    ,2013,20132,20131
2013-04-17,20130417,17,17-Apr-13,Wednesday,201316,16,201304,April    ,2013,20132,20131
2013-04-18,20130418,18,18-Apr-13,Thursday ,201316,16,201304,April    ,2013,20132,20131
2013-04-19,20130419,19,19-Apr-13,Friday   ,201316,16,201304,April    ,2013,20132,20131
2013-04-20,20130420,20,20-Apr-13,Saturday ,201316,16,201304,April    ,2013,20132,20131
2013-04-21,20130421,21,21-Apr-13,Sunday   ,201316,16,201304,April    ,2013,20132,20131
2013-04-22,20130422,22,22-Apr-13,Monday   ,201317,17,201304,April    ,2013,20132,20131
2013-04-23,20130423,23,23-Apr-13,Tuesday  ,201317,17,201304,April    ,2013,20132,20131
2013-04-24,20130424,24,24-Apr-13,Wednesday,201317,17,201304,April    ,2013,20132,20131
2013-04-25,20130425,25,25-Apr-13,Thursday ,201317,17,201304,April    ,2013,20132,20131
2013-04-26,20130426,26,26-Apr-13,Friday   ,201317,17,201304,April    ,2013,20132,20131
2013-04-27,20130427,27,27-Apr-13,Saturday ,201317,17,201304,April    ,2013,20132,20131
2013-04-28,20130428,28,28-Apr-13,Sunday   ,201317,17,201304,April    ,2013,20132,20131
2013-04-29,20130429,29,29-Apr-13,Monday   ,201318,18,201304,April    ,2013,20132,20131
2013-04-30,20130430,30,30-Apr-13,Tuesday  ,201318,18,201304,April    ,2013,20132,20131
2013-05-01,20130501,1,01 May 2013,Wednesday,201318,18,201305,May      ,2013,20132,20131
2013-05-02,20130502,2,02 May 2013,Thursday ,201318,18,201305,May      ,2013,20132,20131
2013-05-03,20130503,3,03 May 2013,Friday   ,201318,18,201305,May      ,2013,20132,20131
2013-05-04,20130504,4,04 May 2013,Saturday ,201318,18,201305,May      ,2013,20132,20131
2013-05-05,20130505,5,05 May 2013,Sunday   ,201318,18,201305,May      ,2013,20132,20131
2013-05-06,20130506,6,06 May 2013,Monday   ,201319,19,201305,May      ,2013,20132,20131
2013-05-07,20130507,7,07 May 2013,Tuesday  ,201319,19,201305,May      ,2013,20132,20131
2013-05-08,20130508,8,08 May 2013,Wednesday,201319,19,201305,May      ,2013,20132,20131
2013-05-09,20130509,9,09 May 2013,Thursday ,201319,19,201305,May      ,2013,20132,20131
2013-05-10,20130510,10,10 May 2013,Friday   ,201319,19,201305,May      ,2013,20132,20131
2013-05-11,20130511,11,11 May 2013,Saturday ,201319,19,201305,May      ,2013,20132,20131
2013-05-12,20130512,12,12 May 2013,Sunday   ,201319,19,201305,May      ,2013,20132,20131
2013-05-13,20130513,13,13 May 2013,Monday   ,201320,20,201305,May      ,2013,20132,20131
2013-05-14,20130514,14,14 May 2013,Tuesday  ,201320,20,201305,May      ,2013,20132,20131
2013-05-15,20130515,15,15 May 2013,Wednesday,201320,20,201305,May      ,2013,20132,20131
2013-05-16,20130516,16,16 May 2013,Thursday ,201320,20,201305,May      ,2013,20132,20131
2013-05-17,20130517,17,17 May 2013,Friday   ,201320,20,201305,May      ,2013,20132,20131
2013-05-18,20130518,18,18 May 2013,Saturday ,201320,20,201305,May      ,2013,20132,20131
2013-05-19,20130519,19,19 May 2013,Sunday   ,201320,20,201305,May      ,2013,20132,20131
2013-05-20,20130520,20,20 May 2013,Monday   ,201321,21,201305,May      ,2013,20132,20131
2013-05-21,20130521,21,21 May 2013,Tuesday  ,201321,21,201305,May      ,2013,20132,20131
2013-05-22,20130522,22,22 May 2013,Wednesday,201321,21,201305,May      ,2013,20132,20131
2013-05-23,20130523,23,23 May 2013,Thursday ,201321,21,201305,May      ,2013,20132,20131
2013-05-24,20130524,24,24 May 2013,Friday   ,201321,21,201305,May      ,2013,20132,20131
2013-05-25,20130525,25,25 May 2013,Saturday ,201321,21,201305,May      ,2013,20132,20131
2013-05-26,20130526,26,26 May 2013,Sunday   ,201321,21,201305,May      ,2013,20132,20131
2013-05-27,20130527,27,27 May 2013,Monday   ,201322,22,201305,May      ,2013,20132,20131
2013-05-28,20130528,28,28 May 2013,Tuesday  ,201322,22,201305,May      ,2013,20132,20131
2013-05-29,20130529,29,29 May 2013,Wednesday,201322,22,201305,May      ,2013,20132,20131
2013-05-30,20130530,30,30 May 2013,Thursday ,201322,22,201305,May      ,2013,20132,20131
2013-05-31,20130531,31,31 May 2013,Friday   ,201322,22,201305,May      ,2013,20132,20131
2013-06-01,20130601,1,01 June 2013,Saturday ,201322,22,201306,June     ,2013,20132,20131
2013-06-02,20130602,2,02 June 2013,Sunday   ,201322,22,201306,June     ,2013,20132,20131
2013-06-03,20130603,3,03 June 2013,Monday   ,201323,23,201306,June     ,2013,20132,20131
2013-06-04,20130604,4,04 June 2013,Tuesday  ,201323,23,201306,June     ,2013,20132,20131
2013-06-05,20130605,5,05 June 2013,Wednesday,201323,23,201306,June     ,2013,20132,20131
2013-06-06,20130606,6,06 June 2013,Thursday ,201323,23,201306,June     ,2013,20132,20131
2013-06-07,20130607,7,07 June 2013,Friday   ,201323,23,201306,June     ,2013,20132,20131
2013-06-08,20130608,8,08 June 2013,Saturday ,201323,23,201306,June     ,2013,20132,20131
2013-06-09,20130609,9,09 June 2013,Sunday   ,201323,23,201306,June     ,2013,20132,20131
2013-06-10,20130610,10,10 June 2013,Monday   ,201324,24,201306,June     ,2013,20132,20131
2013-06-11,20130611,11,11 June 2013,Tuesday  ,201324,24,201306,June     ,2013,20132,20131
2013-06-12,20130612,12,12 June 2013,Wednesday,201324,24,201306,June     ,2013,20132,20131
2013-06-13,20130613,13,13 June 2013,Thursday ,201324,24,201306,June     ,2013,20132,20131
2013-06-14,20130614,14,14 June 2013,Friday   ,201324,24,201306,June     ,2013,20132,20131
2013-06-15,20130615,15,15 June 2013,Saturday ,201324,24,201306,June     ,2013,20132,20131
2013-06-16,20130616,16,16 June 2013,Sunday   ,201324,24,201306,June     ,2013,20132,20131
2013-06-17,20130617,17,17 June 2013,Monday   ,201325,25,201306,June     ,2013,20132,20131
2013-06-18,20130618,18,18 June 2013,Tuesday  ,201325,25,201306,June     ,2013,20132,20131
2013-06-19,20130619,19,19 June 2013,Wednesday,201325,25,201306,June     ,2013,20132,20131
2013-06-20,20130620,20,20 June 2013,Thursday ,201325,25,201306,June     ,2013,20132,20131
2013-06-21,20130621,21,21 June 2013,Friday   ,201325,25,201306,June     ,2013,20132,20131
2013-06-22,20130622,22,22 June 2013,Saturday ,201325,25,201306,June     ,2013,20132,20131
2013-06-23,20130623,23,23 June 2013,Sunday   ,201325,25,201306,June     ,2013,20132,20131
2013-06-24,20130624,24,24 June 2013,Monday   ,201326,26,201306,June     ,2013,20132,20131
2013-06-25,20130625,25,25 June 2013,Tuesday  ,201326,26,201306,June     ,2013,20132,20131
2013-06-26,20130626,26,26 June 2013,Wednesday,201326,26,201306,June     ,2013,20132,20131
2013-06-27,20130627,27,27 June 2013,Thursday ,201326,26,201306,June     ,2013,20132,20131
2013-06-28,20130628,28,28 June 2013,Friday   ,201326,26,201306,June     ,2013,20132,20131
2013-06-29,20130629,29,29 June 2013,Saturday ,201326,26,201306,June     ,2013,20132,20131
2013-06-30,20130630,30,30 June 2013,Sunday   ,201326,26,201306,June     ,2013,20132,20131
2013-07-01,20130701,1,01 July 2013,Monday   ,201327,27,201307,July     ,2013,20133,20132
2013-07-02,20130702,2,02 July 2013,Tuesday  ,201327,27,201307,July     ,2013,20133,20132
2013-07-03,20130703,3,03 July 2013,Wednesday,201327,27,201307,July     ,2013,20133,20132
2013-07-04,20130704,4,04 July 2013,Thursday ,201327,27,201307,July     ,2013,20133,20132
2013-07-05,20130705,5,05 July 2013,Friday   ,201327,27,201307,July     ,2013,20133,20132
2013-07-06,20130706,6,06 July 2013,Saturday ,201327,27,201307,July     ,2013,20133,20132
2013-07-07,20130707,7,07 July 2013,Sunday   ,201327,27,201307,July     ,2013,20133,20132
2013-07-08,20130708,8,08 July 2013,Monday   ,201328,28,201307,July     ,2013,20133,20132
2013-07-09,20130709,9,09 July 2013,Tuesday  ,201328,28,201307,July     ,2013,20133,20132
2013-07-10,20130710,10,10 July 2013,Wednesday,201328,28,201307,July     ,2013,20133,20132
2013-07-11,20130711,11,11 July 2013,Thursday ,201328,28,201307,July     ,2013,20133,20132
2013-07-12,20130712,12,12 July 2013,Friday   ,201328,28,201307,July     ,2013,20133,20132
2013-07-13,20130713,13,13 July 2013,Saturday ,201328,28,201307,July     ,2013,20133,20132
2013-07-14,20130714,14,14 July 2013,Sunday   ,201328,28,201307,July     ,2013,20133,20132
2013-07-15,20130715,15,15 July 2013,Monday   ,201329,29,201307,July     ,2013,20133,20132
2013-07-16,20130716,16,16 July 2013,Tuesday  ,201329,29,201307,July     ,2013,20133,20132
2013-07-17,20130717,17,17 July 2013,Wednesday,201329,29,201307,July     ,2013,20133,20132
2013-07-18,20130718,18,18 July 2013,Thursday ,201329,29,201307,July     ,2013,20133,20132
2013-07-19,20130719,19,19 July 2013,Friday   ,201329,29,201307,July     ,2013,20133,20132
2013-07-20,20130720,20,20 July 2013,Saturday ,201329,29,201307,July     ,2013,20133,20132
2013-07-21,20130721,21,21 July 2013,Sunday   ,201329,29,201307,July     ,2013,20133,20132
2013-07-22,20130722,22,22 July 2013,Monday   ,201330,30,201307,July     ,2013,20133,20132
2013-07-23,20130723,23,23 July 2013,Tuesday  ,201330,30,201307,July     ,2013,20133,20132
2013-07-24,20130724,24,24 July 2013,Wednesday,201330,30,201307,July     ,2013,20133,20132
2013-07-25,20130725,25,25 July 2013,Thursday ,201330,30,201307,July     ,2013,20133,20132
2013-07-26,20130726,26,26 July 2013,Friday   ,201330,30,201307,July     ,2013,20133,20132
2013-07-27,20130727,27,27 July 2013,Saturday ,201330,30,201307,July     ,2013,20133,20132
2013-07-28,20130728,28,28 July 2013,Sunday   ,201330,30,201307,July     ,2013,20133,20132
2013-07-29,20130729,29,29 July 2013,Monday   ,201331,31,201307,July     ,2013,20133,20132
2013-07-30,20130730,30,30 July 2013,Tuesday  ,201331,31,201307,July     ,2013,20133,20132
2013-07-31,20130731,31,31 July 2013,Wednesday,201331,31,201307,July     ,2013,20133,20132
2013-08-01,20130801,1,01 August 2013,Thursday ,201331,31,201308,August   ,2013,20133,20132
2013-08-02,20130802,2,02 August 2013,Friday   ,201331,31,201308,August   ,2013,20133,20132
2013-08-03,20130803,3,03 August 2013,Saturday ,201331,31,201308,August   ,2013,20133,20132
2013-08-04,20130804,4,04 August 2013,Sunday   ,201331,31,201308,August   ,2013,20133,20132
2013-08-05,20130805,5,05 August 2013,Monday   ,201332,32,201308,August   ,2013,20133,20132
2013-08-06,20130806,6,06 August 2013,Tuesday  ,201332,32,201308,August   ,2013,20133,20132
2013-08-07,20130807,7,07 August 2013,Wednesday,201332,32,201308,August   ,2013,20133,20132
2013-08-08,20130808,8,08 August 2013,Thursday ,201332,32,201308,August   ,2013,20133,20132
2013-08-09,20130809,9,09 August 2013,Friday   ,201332,32,201308,August   ,2013,20133,20132
2013-08-10,20130810,10,10 August 2013,Saturday ,201332,32,201308,August   ,2013,20133,20132
2013-08-11,20130811,11,11 August 2013,Sunday   ,201332,32,201308,August   ,2013,20133,20132
2013-08-12,20130812,12,12 August 2013,Monday   ,201333,33,201308,August   ,2013,20133,20132
2013-08-13,20130813,13,13 August 2013,Tuesday  ,201333,33,201308,August   ,2013,20133,20132
2013-08-14,20130814,14,14 August 2013,Wednesday,201333,33,201308,August   ,2013,20133,20132
2013-08-15,20130815,15,15 August 2013,Thursday ,201333,33,201308,August   ,2013,20133,20132
2013-08-16,20130816,16,16 August 2013,Friday   ,201333,33,201308,August   ,2013,20133,20132
2013-08-17,20130817,17,17 August 2013,Saturday ,201333,33,201308,August   ,2013,20133,20132
2013-08-18,20130818,18,18 August 2013,Sunday   ,201333,33,201308,August   ,2013,20133,20132
2013-08-19,20130819,19,19 August 2013,Monday   ,201334,34,201308,August   ,2013,20133,20132
2013-08-20,20130820,20,20 August 2013,Tuesday  ,201334,34,201308,August   ,2013,20133,20132
2013-08-21,20130821,21,21 August 2013,Wednesday,201334,34,201308,August   ,2013,20133,20132
2013-08-22,20130822,22,22 August 2013,Thursday ,201334,34,201308,August   ,2013,20133,20132
2013-08-23,20130823,23,23 August 2013,Friday   ,201334,34,201308,August   ,2013,20133,20132
2013-08-24,20130824,24,24 August 2013,Saturday ,201334,34,201308,August   ,2013,20133,20132
2013-08-25,20130825,25,25 August 2013,Sunday   ,201334,34,201308,August   ,2013,20133,20132
2013-08-26,20130826,26,26 August 2013,Monday   ,201335,35,201308,August   ,2013,20133,20132
2013-08-27,20130827,27,27 August 2013,Tuesday  ,201335,35,201308,August   ,2013,20133,20132
2013-08-28,20130828,28,28 August 2013,Wednesday,201335,35,201308,August   ,2013,20133,20132
2013-08-29,20130829,29,29 August 2013,Thursday ,201335,35,201308,August   ,2013,20133,20132
2013-08-30,20130830,30,30 August 2013,Friday   ,201335,35,201308,August   ,2013,20133,20132
2013-08-31,20130831,31,31 August 2013,Saturday ,201335,35,201308,August   ,2013,20133,20132
2013-09-01,20130901,1,01 September 2013,Sunday   ,201335,35,201309,September,2013,20133,20132
2013-09-02,20130902,2,02 September 2013,Monday   ,201336,36,201309,September,2013,20133,20132
2013-09-03,20130903,3,03 September 2013,Tuesday  ,201336,36,201309,September,2013,20133,20132
2013-09-04,20130904,4,04 September 2013,Wednesday,201336,36,201309,September,2013,20133,20132
2013-09-05,20130905,5,05 September 2013,Thursday ,201336,36,201309,September,2013,20133,20132
2013-09-06,20130906,6,06 September 2013,Friday   ,201336,36,201309,September,2013,20133,20132
2013-09-07,20130907,7,07 September 2013,Saturday ,201336,36,201309,September,2013,20133,20132
2013-09-08,20130908,8,08 September 2013,Sunday   ,201336,36,201309,September,2013,20133,20132
2013-09-09,20130909,9,09 September 2013,Monday   ,201337,37,201309,September,2013,20133,20132
2013-09-10,20130910,10,10 September 2013,Tuesday  ,201337,37,201309,September,2013,20133,20132
2013-09-11,20130911,11,11 September 2013,Wednesday,201337,37,201309,September,2013,20133,20132
2013-09-12,20130912,12,12 September 2013,Thursday ,201337,37,201309,September,2013,20133,20132
2013-09-13,20130913,13,13 September 2013,Friday   ,201337,37,201309,September,2013,20133,20132
2013-09-14,20130914,14,14 September 2013,Saturday ,201337,37,201309,September,2013,20133,20132
2013-09-15,20130915,15,15 September 2013,Sunday   ,201337,37,201309,September,2013,20133,20132
2013-09-16,20130916,16,16 September 2013,Monday   ,201338,38,201309,September,2013,20133,20132
2013-09-17,20130917,17,17 September 2013,Tuesday  ,201338,38,201309,September,2013,20133,20132
2013-09-18,20130918,18,18 September 2013,Wednesday,201338,38,201309,September,2013,20133,20132
2013-09-19,20130919,19,19 September 2013,Thursday ,201338,38,201309,September,2013,20133,20132
2013-09-20,20130920,20,20 September 2013,Friday   ,201338,38,201309,September,2013,20133,20132
2013-09-21,20130921,21,21 September 2013,Saturday ,201338,38,201309,September,2013,20133,20132
2013-09-22,20130922,22,22 September 2013,Sunday   ,201338,38,201309,September,2013,20133,20132
2013-09-23,20130923,23,23 September 2013,Monday   ,201339,39,201309,September,2013,20133,20132
2013-09-24,20130924,24,24 September 2013,Tuesday  ,201339,39,201309,September,2013,20133,20132
2013-09-25,20130925,25,25 September 2013,Wednesday,201339,39,201309,September,2013,20133,20132
2013-09-26,20130926,26,26 September 2013,Thursday ,201339,39,201309,September,2013,20133,20132
2013-09-27,20130927,27,27 September 2013,Friday   ,201339,39,201309,September,2013,20133,20132
2013-09-28,20130928,28,28 September 2013,Saturday ,201339,39,201309,September,2013,20133,20132
2013-09-29,20130929,29,29 September 2013,Sunday   ,201339,39,201309,September,2013,20133,20132
2013-09-30,20130930,30,30 September 2013,Monday   ,201340,40,201309,September,2013,20133,20132
2013-10-01,20131001,1,01 October 2013,Tuesday  ,201340,40,201310,October  ,2013,20134,20132
2013-10-02,20131002,2,02 October 2013,Wednesday,201340,40,201310,October  ,2013,20134,20132
2013-10-03,20131003,3,03 October 2013,Thursday ,201340,40,201310,October  ,2013,20134,20132
2013-10-04,20131004,4,04 October 2013,Friday   ,201340,40,201310,October  ,2013,20134,20132
2013-10-05,20131005,5,05 October 2013,Saturday ,201340,40,201310,October  ,2013,20134,20132
2013-10-06,20131006,6,06 October 2013,Sunday   ,201340,40,201310,October  ,2013,20134,20132
2013-10-07,20131007,7,07 October 2013,Monday   ,201341,41,201310,October  ,2013,20134,20132
2013-10-08,20131008,8,08 October 2013,Tuesday  ,201341,41,201310,October  ,2013,20134,20132
2013-10-09,20131009,9,09 October 2013,Wednesday,201341,41,201310,October  ,2013,20134,20132
2013-10-10,20131010,10,10 October 2013,Thursday ,201341,41,201310,October  ,2013,20134,20132
2013-10-11,20131011,11,11 October 2013,Friday   ,201341,41,201310,October  ,2013,20134,20132
2013-10-12,20131012,12,12 October 2013,Saturday ,201341,41,201310,October  ,2013,20134,20132
2013-10-13,20131013,13,13 October 2013,Sunday   ,201341,41,201310,October  ,2013,20134,20132
2013-10-14,20131014,14,14 October 2013,Monday   ,201342,42,201310,October  ,2013,20134,20132
2013-10-15,20131015,15,15 October 2013,Tuesday  ,201342,42,201310,October  ,2013,20134,20132
2013-10-16,20131016,16,16 October 2013,Wednesday,201342,42,201310,October  ,2013,20134,20132
2013-10-17,20131017,17,17 October 2013,Thursday ,201342,42,201310,October  ,2013,20134,20132
2013-10-18,20131018,18,18 October 2013,Friday   ,201342,42,201310,October  ,2013,20134,20132
2013-10-19,20131019,19,19 October 2013,Saturday ,201342,42,201310,October  ,2013,20134,20132
2013-10-20,20131020,20,20 October 2013,Sunday   ,201342,42,201310,October  ,2013,20134,20132
2013-10-21,20131021,21,21 October 2013,Monday   ,201343,43,201310,October  ,2013,20134,20132
2013-10-22,20131022,22,22 October 2013,Tuesday  ,201343,43,201310,October  ,2013,20134,20132
2013-10-23,20131023,23,23 October 2013,Wednesday,201343,43,201310,October  ,2013,20134,20132
2013-10-24,20131024,24,24 October 2013,Thursday ,201343,43,201310,October  ,2013,20134,20132
2013-10-25,20131025,25,25 October 2013,Friday   ,201343,43,201310,October  ,2013,20134,20132
2013-10-26,20131026,26,26 October 2013,Saturday ,201343,43,201310,October  ,2013,20134,20132
2013-10-27,20131027,27,27 October 2013,Sunday   ,201343,43,201310,October  ,2013,20134,20132
2013-10-28,20131028,28,28 October 2013,Monday   ,201344,44,201310,October  ,2013,20134,20132
2013-10-29,20131029,29,29 October 2013,Tuesday  ,201344,44,201310,October  ,2013,20134,20132
2013-10-30,20131030,30,30 October 2013,Wednesday,201344,44,201310,October  ,2013,20134,20132
2013-10-31,20131031,31,31 October 2013,Thursday ,201344,44,201310,October  ,2013,20134,20132
2013-11-01,20131101,1,01 November 2013,Friday   ,201344,44,201311,November ,2013,20134,20132
2013-11-02,20131102,2,02 November 2013,Saturday ,201344,44,201311,November ,2013,20134,20132
2013-11-03,20131103,3,03 November 2013,Sunday   ,201344,44,201311,November ,2013,20134,20132
2013-11-04,20131104,4,04 November 2013,Monday   ,201345,45,201311,November ,2013,20134,20132
2013-11-05,20131105,5,05 November 2013,Tuesday  ,201345,45,201311,November ,2013,20134,20132
2013-11-06,20131106,6,06 November 2013,Wednesday,201345,45,201311,November ,2013,20134,20132
2013-11-07,20131107,7,07 November 2013,Thursday ,201345,45,201311,November ,2013,20134,20132
2013-11-08,20131108,8,08 November 2013,Friday   ,201345,45,201311,November ,2013,20134,20132
2013-11-09,20131109,9,09 November 2013,Saturday ,201345,45,201311,November ,2013,20134,20132
2013-11-10,20131110,10,10 November 2013,Sunday   ,201345,45,201311,November ,2013,20134,20132
2013-11-11,20131111,11,11 November 2013,Monday   ,201346,46,201311,November ,2013,20134,20132
2013-11-12,20131112,12,12 November 2013,Tuesday  ,201346,46,201311,November ,2013,20134,20132
2013-11-13,20131113,13,13 November 2013,Wednesday,201346,46,201311,November ,2013,20134,20132
2013-11-14,20131114,14,14 November 2013,Thursday ,201346,46,201311,November ,2013,20134,20132
2013-11-15,20131115,15,15 November 2013,Friday   ,201346,46,201311,November ,2013,20134,20132
2013-11-16,20131116,16,16 November 2013,Saturday ,201346,46,201311,November ,2013,20134,20132
2013-11-17,20131117,17,17 November 2013,Sunday   ,201346,46,201311,November ,2013,20134,20132
2013-11-18,20131118,18,18 November 2013,Monday   ,201347,47,201311,November ,2013,20134,20132
2013-11-19,20131119,19,19 November 2013,Tuesday  ,201347,47,201311,November ,2013,20134,20132
2013-11-20,20131120,20,20 November 2013,Wednesday,201347,47,201311,November ,2013,20134,20132
2013-11-21,20131121,21,21 November 2013,Thursday ,201347,47,201311,November ,2013,20134,20132
2013-11-22,20131122,22,22 November 2013,Friday   ,201347,47,201311,November ,2013,20134,20132
2013-11-23,20131123,23,23 November 2013,Saturday ,201347,47,201311,November ,2013,20134,20132
2013-11-24,20131124,24,24 November 2013,Sunday   ,201347,47,201311,November ,2013,20134,20132
2013-11-25,20131125,25,25 November 2013,Monday   ,201348,48,201311,November ,2013,20134,20132
2013-11-26,20131126,26,26 November 2013,Tuesday  ,201348,48,201311,November ,2013,20134,20132
2013-11-27,20131127,27,27 November 2013,Wednesday,201348,48,201311,November ,2013,20134,20132
2013-11-28,20131128,28,28 November 2013,Thursday ,201348,48,201311,November ,2013,20134,20132
2013-11-29,20131129,29,29 November 2013,Friday   ,201348,48,201311,November ,2013,20134,20132
2013-11-30,20131130,30,30 November 2013,Saturday ,201348,48,201311,November ,2013,20134,20132
2013-12-08,20131208,8,08 December 2013,Sunday   ,201349,49,201312,December ,2013,20134,20132
2013-12-09,20131209,9,09 December 2013,Monday   ,201350,50,201312,December ,2013,20134,20132
2013-12-10,20131210,10,10 December 2013,Tuesday  ,201350,50,201312,December ,2013,20134,20132
2013-12-11,20131211,11,11 December 2013,Wednesday,201350,50,201312,December ,2013,20134,20132
2013-12-12,20131212,12,12 December 2013,Thursday ,201350,50,201312,December ,2013,20134,20132
2013-12-13,20131213,13,13 December 2013,Friday   ,201350,50,201312,December ,2013,20134,20132
2013-12-14,20131214,14,14 December 2013,Saturday ,201350,50,201312,December ,2013,20134,20132
2013-12-15,20131215,15,15 December 2013,Sunday   ,201350,50,201312,December ,2013,20134,20132
2013-12-16,20131216,16,16 December 2013,Monday   ,201351,51,201312,December ,2013,20134,20132
2013-12-17,20131217,17,17 December 2013,Tuesday  ,201351,51,201312,December ,2013,20134,20132
2013-12-18,20131218,18,18 December 2013,Wednesday,201351,51,201312,December ,2013,20134,20132
2013-12-19,20131219,19,19 December 2013,Thursday ,201351,51,201312,December ,2013,20134,20132
2013-12-20,20131220,20,20 December 2013,Friday   ,201351,51,201312,December ,2013,20134,20132
2013-12-21,20131221,21,21 December 2013,Saturday ,201351,51,201312,December ,2013,20134,20132
2013-12-22,20131222,22,22 December 2013,Sunday   ,201351,51,201312,December ,2013,20134,20132
2013-12-23,20131223,23,23 December 2013,Monday   ,201352,52,201312,December ,2013,20134,20132
2013-12-24,20131224,24,24 December 2013,Tuesday  ,201352,52,201312,December ,2013,20134,20132
2013-12-25,20131225,25,25 December 2013,Wednesday,201352,52,201312,December ,2013,20134,20132
2013-12-26,20131226,26,26 December 2013,Thursday ,201352,52,201312,December ,2013,20134,20132
2013-12-27,20131227,27,27 December 2013,Friday   ,201352,52,201312,December ,2013,20134,20132
2013-12-28,20131228,28,28 December 2013,Saturday ,201352,52,201312,December ,2013,20134,20132
2013-12-29,20131229,29,29 December 2013,Sunday   ,201352,52,201312,December ,2013,20134,20132
2013-12-30,20131230,30,30 December 2013,Monday   ,201301,1,201312,December ,2013,20134,20132
2013-12-31,20131231,31,31 December 2013,Tuesday  ,201301,1,201312,December ,2013,20134,20132
2013-12-01,20131201,1,01 December 2013,Sunday   ,201348,48,201312,December ,2013,20134,20132
2013-12-02,20131202,2,02 December 2013,Monday   ,201349,49,201312,December ,2013,20134,20132
2013-12-03,20131203,3,03 December 2013,Tuesday  ,201349,49,201312,December ,2013,20134,20132
2013-12-04,20131204,4,04 December 2013,Wednesday,201349,49,201312,December ,2013,20134,20132
2013-12-05,20131205,5,05 December 2013,Thursday ,201349,49,201312,December ,2013,20134,20132
2013-12-06,20131206,6,06 December 2013,Friday   ,201349,49,201312,December ,2013,20134,20132
2013-12-07,20131207,7,07 December 2013,Saturday ,201349,49,201312,December ,2013,20134,20132
2014-01-01,20140101,1,01 January 2014,Wednesday,201401,1,201401,January  ,2014,20141,20141
2014-01-02,20140102,2,02 January 2014,Thursday ,201401,1,201401,January  ,2014,20141,20141
2014-01-03,20140103,3,03 January 2014,Friday   ,201401,1,201401,January  ,2014,20141,20141
2014-01-04,20140104,4,04 January 2014,Saturday ,201401,1,201401,January  ,2014,20141,20141
2014-01-05,20140105,5,05 January 2014,Sunday   ,201401,1,201401,January  ,2014,20141,20141
2014-01-06,20140106,6,06 January 2014,Monday   ,201402,2,201401,January  ,2014,20141,20141
2014-01-07,20140107,7,07 January 2014,Tuesday  ,201402,2,201401,January  ,2014,20141,20141
2014-01-08,20140108,8,08 January 2014,Wednesday,201402,2,201401,January  ,2014,20141,20141
2014-01-09,20140109,9,09 January 2014,Thursday ,201402,2,201401,January  ,2014,20141,20141
2014-01-10,20140110,10,10 January 2014,Friday   ,201402,2,201401,January  ,2014,20141,20141
2014-01-11,20140111,11,11 January 2014,Saturday ,201402,2,201401,January  ,2014,20141,20141
2014-01-12,20140112,12,12 January 2014,Sunday   ,201402,2,201401,January  ,2014,20141,20141
2014-01-13,20140113,13,13 January 2014,Monday   ,201403,3,201401,January  ,2014,20141,20141
2014-01-14,20140114,14,14 January 2014,Tuesday  ,201403,3,201401,January  ,2014,20141,20141
2014-01-15,20140115,15,15 January 2014,Wednesday,201403,3,201401,January  ,2014,20141,20141
2014-01-16,20140116,16,16 January 2014,Thursday ,201403,3,201401,January  ,2014,20141,20141
2014-01-17,20140117,17,17 January 2014,Friday   ,201403,3,201401,January  ,2014,20141,20141
2014-01-18,20140118,18,18 January 2014,Saturday ,201403,3,201401,January  ,2014,20141,20141
2014-01-19,20140119,19,19 January 2014,Sunday   ,201403,3,201401,January  ,2014,20141,20141
2014-01-20,20140120,20,20 January 2014,Monday   ,201404,4,201401,January  ,2014,20141,20141
2014-01-21,20140121,21,21 January 2014,Tuesday  ,201404,4,201401,January  ,2014,20141,20141
2014-01-22,20140122,22,22 January 2014,Wednesday,201404,4,201401,January  ,2014,20141,20141
2014-01-23,20140123,23,23 January 2014,Thursday ,201404,4,201401,January  ,2014,20141,20141
2014-01-24,20140124,24,24 January 2014,Friday   ,201404,4,201401,January  ,2014,20141,20141
2014-01-25,20140125,25,25 January 2014,Saturday ,201404,4,201401,January  ,2014,20141,20141
2014-01-26,20140126,26,26 January 2014,Sunday   ,201404,4,201401,January  ,2014,20141,20141
2014-01-27,20140127,27,27 January 2014,Monday   ,201405,5,201401,January  ,2014,20141,20141
2014-01-28,20140128,28,28 January 2014,Tuesday  ,201405,5,201401,January  ,2014,20141,20141
2014-01-29,20140129,29,29 January 2014,Wednesday,201405,5,201401,January  ,2014,20141,20141
2014-01-30,20140130,30,30 January 2014,Thursday ,201405,5,201401,January  ,2014,20141,20141
2014-01-31,20140131,31,31 January 2014,Friday   ,201405,5,201401,January  ,2014,20141,20141
2014-02-01,20140201,1,01 February 2014,Saturday ,201405,5,201402,February ,2014,20141,20141
2014-02-02,20140202,2,02 February 2014,Sunday   ,201405,5,201402,February ,2014,20141,20141
2014-02-03,20140203,3,03 February 2014,Monday   ,201406,6,201402,February ,2014,20141,20141
2014-02-04,20140204,4,04 February 2014,Tuesday  ,201406,6,201402,February ,2014,20141,20141
2014-02-05,20140205,5,05 February 2014,Wednesday,201406,6,201402,February ,2014,20141,20141
2014-02-06,20140206,6,06 February 2014,Thursday ,201406,6,201402,February ,2014,20141,20141
2014-02-07,20140207,7,07 February 2014,Friday   ,201406,6,201402,February ,2014,20141,20141
2014-02-08,20140208,8,08 February 2014,Saturday ,201406,6,201402,February ,2014,20141,20141
2014-02-09,20140209,9,09 February 2014,Sunday   ,201406,6,201402,February ,2014,20141,20141
2014-02-10,20140210,10,10 February 2014,Monday   ,201407,7,201402,February ,2014,20141,20141
2014-02-11,20140211,11,11 February 2014,Tuesday  ,201407,7,201402,February ,2014,20141,20141
2014-02-12,20140212,12,12 February 2014,Wednesday,201407,7,201402,February ,2014,20141,20141
2014-02-13,20140213,13,13 February 2014,Thursday ,201407,7,201402,February ,2014,20141,20141
2014-02-14,20140214,14,14 February 2014,Friday   ,201407,7,201402,February ,2014,20141,20141
2014-02-15,20140215,15,15 February 2014,Saturday ,201407,7,201402,February ,2014,20141,20141
2014-02-16,20140216,16,16 February 2014,Sunday   ,201407,7,201402,February ,2014,20141,20141
2014-02-17,20140217,17,17 February 2014,Monday   ,201408,8,201402,February ,2014,20141,20141
2014-02-18,20140218,18,18 February 2014,Tuesday  ,201408,8,201402,February ,2014,20141,20141
2014-02-19,20140219,19,19 February 2014,Wednesday,201408,8,201402,February ,2014,20141,20141
2014-02-20,20140220,20,20 February 2014,Thursday ,201408,8,201402,February ,2014,20141,20141
2014-02-21,20140221,21,21 February 2014,Friday   ,201408,8,201402,February ,2014,20141,20141
2014-02-22,20140222,22,22 February 2014,Saturday ,201408,8,201402,February ,2014,20141,20141
2014-02-23,20140223,23,23 February 2014,Sunday   ,201408,8,201402,February ,2014,20141,20141
2014-02-24,20140224,24,24 February 2014,Monday   ,201409,9,201402,February ,2014,20141,20141
2014-02-25,20140225,25,25 February 2014,Tuesday  ,201409,9,201402,February ,2014,20141,20141
2014-02-26,20140226,26,26 February 2014,Wednesday,201409,9,201402,February ,2014,20141,20141
2014-02-27,20140227,27,27 February 2014,Thursday ,201409,9,201402,February ,2014,20141,20141
2014-02-28,20140228,28,28 February 2014,Friday   ,201409,9,201402,February ,2014,20141,20141
2014-03-04,20140304,4,04 March 2014,Tuesday  ,201410,10,201403,March    ,2014,20141,20141
2014-03-05,20140305,5,05 March 2014,Wednesday,201410,10,201403,March    ,2014,20141,20141
2014-03-06,20140306,6,06 March 2014,Thursday ,201410,10,201403,March    ,2014,20141,20141
2014-03-07,20140307,7,07 March 2014,Friday   ,201410,10,201403,March    ,2014,20141,20141
2014-03-08,20140308,8,08 March 2014,Saturday ,201410,10,201403,March    ,2014,20141,20141
2014-03-09,20140309,9,09 March 2014,Sunday   ,201410,10,201403,March    ,2014,20141,20141
2014-03-10,20140310,10,10 March 2014,Monday   ,201411,11,201403,March    ,2014,20141,20141
2014-03-11,20140311,11,11 March 2014,Tuesday  ,201411,11,201403,March    ,2014,20141,20141
2014-03-12,20140312,12,12 March 2014,Wednesday,201411,11,201403,March    ,2014,20141,20141
2014-03-13,20140313,13,13 March 2014,Thursday ,201411,11,201403,March    ,2014,20141,20141
2014-03-14,20140314,14,14 March 2014,Friday   ,201411,11,201403,March    ,2014,20141,20141
2014-03-15,20140315,15,15 March 2014,Saturday ,201411,11,201403,March    ,2014,20141,20141
2014-03-16,20140316,16,16 March 2014,Sunday   ,201411,11,201403,March    ,2014,20141,20141
2014-03-17,20140317,17,17 March 2014,Monday   ,201412,12,201403,March    ,2014,20141,20141
2014-03-18,20140318,18,18 March 2014,Tuesday  ,201412,12,201403,March    ,2014,20141,20141
2014-03-19,20140319,19,19 March 2014,Wednesday,201412,12,201403,March    ,2014,20141,20141
2014-03-20,20140320,20,20 March 2014,Thursday ,201412,12,201403,March    ,2014,20141,20141
2014-03-21,20140321,21,21 March 2014,Friday   ,201412,12,201403,March    ,2014,20141,20141
2014-03-22,20140322,22,22 March 2014,Saturday ,201412,12,201403,March    ,2014,20141,20141
2014-03-23,20140323,23,23 March 2014,Sunday   ,201412,12,201403,March    ,2014,20141,20141
2014-03-24,20140324,24,24 March 2014,Monday   ,201413,13,201403,March    ,2014,20141,20141
2014-03-25,20140325,25,25 March 2014,Tuesday  ,201413,13,201403,March    ,2014,20141,20141
2014-03-26,20140326,26,26 March 2014,Wednesday,201413,13,201403,March    ,2014,20141,20141
2014-03-27,20140327,27,27 March 2014,Thursday ,201413,13,201403,March    ,2014,20141,20141
2014-03-28,20140328,28,28 March 2014,Friday   ,201413,13,201403,March    ,2014,20141,20141
2014-03-29,20140329,29,29 March 2014,Saturday ,201413,13,201403,March    ,2014,20141,20141
2014-03-30,20140330,30,30 March 2014,Sunday   ,201413,13,201403,March    ,2014,20141,20141
2014-03-31,20140331,31,31 March 2014,Monday   ,201414,14,201403,March    ,2014,20141,20141
2014-03-01,20140301,1,01 March 2014,Saturday ,201409,9,201403,March    ,2014,20141,20141
2014-03-02,20140302,2,02 March 2014,Sunday   ,201409,9,201403,March    ,2014,20141,20141
2014-03-03,20140303,3,03 March 2014,Monday   ,201410,10,201403,March    ,2014,20141,20141
2014-04-01,20140401,1,01-Apr-14,Tuesday  ,201414,14,201404,April    ,2014,20142,20141
2014-04-02,20140402,2,02-Apr-14,Wednesday,201414,14,201404,April    ,2014,20142,20141
2014-04-03,20140403,3,03-Apr-14,Thursday ,201414,14,201404,April    ,2014,20142,20141
2014-04-04,20140404,4,04-Apr-14,Friday   ,201414,14,201404,April    ,2014,20142,20141
2014-04-05,20140405,5,05-Apr-14,Saturday ,201414,14,201404,April    ,2014,20142,20141
2014-04-06,20140406,6,06-Apr-14,Sunday   ,201414,14,201404,April    ,2014,20142,20141
2014-04-07,20140407,7,07-Apr-14,Monday   ,201415,15,201404,April    ,2014,20142,20141
2014-04-08,20140408,8,08-Apr-14,Tuesday  ,201415,15,201404,April    ,2014,20142,20141
2014-04-09,20140409,9,09-Apr-14,Wednesday,201415,15,201404,April    ,2014,20142,20141
2014-04-10,20140410,10,10-Apr-14,Thursday ,201415,15,201404,April    ,2014,20142,20141
2014-04-11,20140411,11,11-Apr-14,Friday   ,201415,15,201404,April    ,2014,20142,20141
2014-04-12,20140412,12,12-Apr-14,Saturday ,201415,15,201404,April    ,2014,20142,20141
2014-04-13,20140413,13,13-Apr-14,Sunday   ,201415,15,201404,April    ,2014,20142,20141
2014-04-14,20140414,14,14-Apr-14,Monday   ,201416,16,201404,April    ,2014,20142,20141
2014-04-15,20140415,15,15-Apr-14,Tuesday  ,201416,16,201404,April    ,2014,20142,20141
2014-04-16,20140416,16,16-Apr-14,Wednesday,201416,16,201404,April    ,2014,20142,20141
2014-04-17,20140417,17,17-Apr-14,Thursday ,201416,16,201404,April    ,2014,20142,20141
2014-04-18,20140418,18,18-Apr-14,Friday   ,201416,16,201404,April    ,2014,20142,20141
2014-04-19,20140419,19,19-Apr-14,Saturday ,201416,16,201404,April    ,2014,20142,20141
2014-04-20,20140420,20,20-Apr-14,Sunday   ,201416,16,201404,April    ,2014,20142,20141
2014-04-21,20140421,21,21-Apr-14,Monday   ,201417,17,201404,April    ,2014,20142,20141
2014-04-22,20140422,22,22-Apr-14,Tuesday  ,201417,17,201404,April    ,2014,20142,20141
2014-04-23,20140423,23,23-Apr-14,Wednesday,201417,17,201404,April    ,2014,20142,20141
2014-04-24,20140424,24,24-Apr-14,Thursday ,201417,17,201404,April    ,2014,20142,20141
2014-04-25,20140425,25,25-Apr-14,Friday   ,201417,17,201404,April    ,2014,20142,20141
2014-04-26,20140426,26,26-Apr-14,Saturday ,201417,17,201404,April    ,2014,20142,20141
2014-04-27,20140427,27,27-Apr-14,Sunday   ,201417,17,201404,April    ,2014,20142,20141
2014-04-28,20140428,28,28-Apr-14,Monday   ,201418,18,201404,April    ,2014,20142,20141
2014-04-29,20140429,29,29-Apr-14,Tuesday  ,201418,18,201404,April    ,2014,20142,20141
2014-04-30,20140430,30,30-Apr-14,Wednesday,201418,18,201404,April    ,2014,20142,20141
2014-05-01,20140501,1,01 May 2014,Thursday ,201418,18,201405,May      ,2014,20142,20141
2014-05-02,20140502,2,02 May 2014,Friday   ,201418,18,201405,May      ,2014,20142,20141
2014-05-03,20140503,3,03 May 2014,Saturday ,201418,18,201405,May      ,2014,20142,20141
2014-05-04,20140504,4,04 May 2014,Sunday   ,201418,18,201405,May      ,2014,20142,20141
2014-05-05,20140505,5,05 May 2014,Monday   ,201419,19,201405,May      ,2014,20142,20141
2014-05-06,20140506,6,06 May 2014,Tuesday  ,201419,19,201405,May      ,2014,20142,20141
2014-05-07,20140507,7,07 May 2014,Wednesday,201419,19,201405,May      ,2014,20142,20141
2014-05-08,20140508,8,08 May 2014,Thursday ,201419,19,201405,May      ,2014,20142,20141
2014-05-09,20140509,9,09 May 2014,Friday   ,201419,19,201405,May      ,2014,20142,20141
2014-05-10,20140510,10,10 May 2014,Saturday ,201419,19,201405,May      ,2014,20142,20141
2014-05-11,20140511,11,11 May 2014,Sunday   ,201419,19,201405,May      ,2014,20142,20141
2014-05-12,20140512,12,12 May 2014,Monday   ,201420,20,201405,May      ,2014,20142,20141
2014-05-13,20140513,13,13 May 2014,Tuesday  ,201420,20,201405,May      ,2014,20142,20141
2014-05-14,20140514,14,14 May 2014,Wednesday,201420,20,201405,May      ,2014,20142,20141
2014-05-15,20140515,15,15 May 2014,Thursday ,201420,20,201405,May      ,2014,20142,20141
2014-05-16,20140516,16,16 May 2014,Friday   ,201420,20,201405,May      ,2014,20142,20141
2014-05-17,20140517,17,17 May 2014,Saturday ,201420,20,201405,May      ,2014,20142,20141
2014-05-18,20140518,18,18 May 2014,Sunday   ,201420,20,201405,May      ,2014,20142,20141
2014-05-19,20140519,19,19 May 2014,Monday   ,201421,21,201405,May      ,2014,20142,20141
2014-05-20,20140520,20,20 May 2014,Tuesday  ,201421,21,201405,May      ,2014,20142,20141
2014-05-21,20140521,21,21 May 2014,Wednesday,201421,21,201405,May      ,2014,20142,20141
2014-05-22,20140522,22,22 May 2014,Thursday ,201421,21,201405,May      ,2014,20142,20141
2014-05-23,20140523,23,23 May 2014,Friday   ,201421,21,201405,May      ,2014,20142,20141
2014-05-24,20140524,24,24 May 2014,Saturday ,201421,21,201405,May      ,2014,20142,20141
2014-05-25,20140525,25,25 May 2014,Sunday   ,201421,21,201405,May      ,2014,20142,20141
2014-05-26,20140526,26,26 May 2014,Monday   ,201422,22,201405,May      ,2014,20142,20141
2014-05-27,20140527,27,27 May 2014,Tuesday  ,201422,22,201405,May      ,2014,20142,20141
2014-05-28,20140528,28,28 May 2014,Wednesday,201422,22,201405,May      ,2014,20142,20141
2014-05-29,20140529,29,29 May 2014,Thursday ,201422,22,201405,May      ,2014,20142,20141
2014-05-30,20140530,30,30 May 2014,Friday   ,201422,22,201405,May      ,2014,20142,20141
2014-05-31,20140531,31,31 May 2014,Saturday ,201422,22,201405,May      ,2014,20142,20141
2014-06-01,20140601,1,01 June 2014,Sunday   ,201422,22,201406,June     ,2014,20142,20141
2014-06-02,20140602,2,02 June 2014,Monday   ,201423,23,201406,June     ,2014,20142,20141
2014-06-03,20140603,3,03 June 2014,Tuesday  ,201423,23,201406,June     ,2014,20142,20141
2014-06-04,20140604,4,04 June 2014,Wednesday,201423,23,201406,June     ,2014,20142,20141
2014-06-05,20140605,5,05 June 2014,Thursday ,201423,23,201406,June     ,2014,20142,20141
2014-06-06,20140606,6,06 June 2014,Friday   ,201423,23,201406,June     ,2014,20142,20141
2014-06-07,20140607,7,07 June 2014,Saturday ,201423,23,201406,June     ,2014,20142,20141
2014-06-08,20140608,8,08 June 2014,Sunday   ,201423,23,201406,June     ,2014,20142,20141
2014-06-09,20140609,9,09 June 2014,Monday   ,201424,24,201406,June     ,2014,20142,20141
2014-06-10,20140610,10,10 June 2014,Tuesday  ,201424,24,201406,June     ,2014,20142,20141
2014-06-11,20140611,11,11 June 2014,Wednesday,201424,24,201406,June     ,2014,20142,20141
2014-06-12,20140612,12,12 June 2014,Thursday ,201424,24,201406,June     ,2014,20142,20141
2014-06-13,20140613,13,13 June 2014,Friday   ,201424,24,201406,June     ,2014,20142,20141
2014-06-14,20140614,14,14 June 2014,Saturday ,201424,24,201406,June     ,2014,20142,20141
2014-06-15,20140615,15,15 June 2014,Sunday   ,201424,24,201406,June     ,2014,20142,20141
2014-06-16,20140616,16,16 June 2014,Monday   ,201425,25,201406,June     ,2014,20142,20141
2014-06-17,20140617,17,17 June 2014,Tuesday  ,201425,25,201406,June     ,2014,20142,20141
2014-06-18,20140618,18,18 June 2014,Wednesday,201425,25,201406,June     ,2014,20142,20141
2014-06-19,20140619,19,19 June 2014,Thursday ,201425,25,201406,June     ,2014,20142,20141
2014-06-20,20140620,20,20 June 2014,Friday   ,201425,25,201406,June     ,2014,20142,20141
2014-06-21,20140621,21,21 June 2014,Saturday ,201425,25,201406,June     ,2014,20142,20141
2014-06-22,20140622,22,22 June 2014,Sunday   ,201425,25,201406,June     ,2014,20142,20141
2014-06-23,20140623,23,23 June 2014,Monday   ,201426,26,201406,June     ,2014,20142,20141
2014-06-24,20140624,24,24 June 2014,Tuesday  ,201426,26,201406,June     ,2014,20142,20141
2014-06-25,20140625,25,25 June 2014,Wednesday,201426,26,201406,June     ,2014,20142,20141
2014-06-26,20140626,26,26 June 2014,Thursday ,201426,26,201406,June     ,2014,20142,20141
2014-06-27,20140627,27,27 June 2014,Friday   ,201426,26,201406,June     ,2014,20142,20141
2014-06-28,20140628,28,28 June 2014,Saturday ,201426,26,201406,June     ,2014,20142,20141
2014-06-29,20140629,29,29 June 2014,Sunday   ,201426,26,201406,June     ,2014,20142,20141
2014-06-30,20140630,30,30 June 2014,Monday   ,201427,27,201406,June     ,2014,20142,20141
2014-07-12,20140712,12,12 July 2014,Saturday ,201428,28,201407,July     ,2014,20143,20142
2014-07-13,20140713,13,13 July 2014,Sunday   ,201428,28,201407,July     ,2014,20143,20142
2014-07-01,20140701,1,01 July 2014,Tuesday  ,201427,27,201407,July     ,2014,20143,20142
2014-07-02,20140702,2,02 July 2014,Wednesday,201427,27,201407,July     ,2014,20143,20142
2014-07-03,20140703,3,03 July 2014,Thursday ,201427,27,201407,July     ,2014,20143,20142
2014-07-04,20140704,4,04 July 2014,Friday   ,201427,27,201407,July     ,2014,20143,20142
2014-07-05,20140705,5,05 July 2014,Saturday ,201427,27,201407,July     ,2014,20143,20142
2014-07-06,20140706,6,06 July 2014,Sunday   ,201427,27,201407,July     ,2014,20143,20142
2014-07-07,20140707,7,07 July 2014,Monday   ,201428,28,201407,July     ,2014,20143,20142
2014-07-08,20140708,8,08 July 2014,Tuesday  ,201428,28,201407,July     ,2014,20143,20142
2014-07-09,20140709,9,09 July 2014,Wednesday,201428,28,201407,July     ,2014,20143,20142
2014-07-10,20140710,10,10 July 2014,Thursday ,201428,28,201407,July     ,2014,20143,20142
2014-07-11,20140711,11,11 July 2014,Friday   ,201428,28,201407,July     ,2014,20143,20142
2014-07-14,20140714,14,14 July 2014,Monday   ,201429,29,201407,July     ,2014,20143,20142
2014-07-15,20140715,15,15 July 2014,Tuesday  ,201429,29,201407,July     ,2014,20143,20142
2014-07-16,20140716,16,16 July 2014,Wednesday,201429,29,201407,July     ,2014,20143,20142
2014-07-17,20140717,17,17 July 2014,Thursday ,201429,29,201407,July     ,2014,20143,20142
2014-07-18,20140718,18,18 July 2014,Friday   ,201429,29,201407,July     ,2014,20143,20142
2014-07-19,20140719,19,19 July 2014,Saturday ,201429,29,201407,July     ,2014,20143,20142
2014-07-20,20140720,20,20 July 2014,Sunday   ,201429,29,201407,July     ,2014,20143,20142
2014-07-21,20140721,21,21 July 2014,Monday   ,201430,30,201407,July     ,2014,20143,20142
2014-07-22,20140722,22,22 July 2014,Tuesday  ,201430,30,201407,July     ,2014,20143,20142
2014-07-23,20140723,23,23 July 2014,Wednesday,201430,30,201407,July     ,2014,20143,20142
2014-07-24,20140724,24,24 July 2014,Thursday ,201430,30,201407,July     ,2014,20143,20142
2014-07-25,20140725,25,25 July 2014,Friday   ,201430,30,201407,July     ,2014,20143,20142
2014-07-26,20140726,26,26 July 2014,Saturday ,201430,30,201407,July     ,2014,20143,20142
2014-07-27,20140727,27,27 July 2014,Sunday   ,201430,30,201407,July     ,2014,20143,20142
2014-07-28,20140728,28,28 July 2014,Monday   ,201431,31,201407,July     ,2014,20143,20142
2014-07-29,20140729,29,29 July 2014,Tuesday  ,201431,31,201407,July     ,2014,20143,20142
2014-07-30,20140730,30,30 July 2014,Wednesday,201431,31,201407,July     ,2014,20143,20142
2014-07-31,20140731,31,31 July 2014,Thursday ,201431,31,201407,July     ,2014,20143,20142
2014-08-01,20140801,1,01 August 2014,Friday   ,201431,31,201408,August   ,2014,20143,20142
2014-08-02,20140802,2,02 August 2014,Saturday ,201431,31,201408,August   ,2014,20143,20142
2014-08-03,20140803,3,03 August 2014,Sunday   ,201431,31,201408,August   ,2014,20143,20142
2014-08-04,20140804,4,04 August 2014,Monday   ,201432,32,201408,August   ,2014,20143,20142
2014-08-05,20140805,5,05 August 2014,Tuesday  ,201432,32,201408,August   ,2014,20143,20142
2014-08-06,20140806,6,06 August 2014,Wednesday,201432,32,201408,August   ,2014,20143,20142
2014-08-07,20140807,7,07 August 2014,Thursday ,201432,32,201408,August   ,2014,20143,20142
2014-08-08,20140808,8,08 August 2014,Friday   ,201432,32,201408,August   ,2014,20143,20142
2014-08-09,20140809,9,09 August 2014,Saturday ,201432,32,201408,August   ,2014,20143,20142
2014-08-10,20140810,10,10 August 2014,Sunday   ,201432,32,201408,August   ,2014,20143,20142
2014-08-11,20140811,11,11 August 2014,Monday   ,201433,33,201408,August   ,2014,20143,20142
2014-08-12,20140812,12,12 August 2014,Tuesday  ,201433,33,201408,August   ,2014,20143,20142
2014-08-13,20140813,13,13 August 2014,Wednesday,201433,33,201408,August   ,2014,20143,20142
2014-08-14,20140814,14,14 August 2014,Thursday ,201433,33,201408,August   ,2014,20143,20142
2014-08-15,20140815,15,15 August 2014,Friday   ,201433,33,201408,August   ,2014,20143,20142
2014-08-16,20140816,16,16 August 2014,Saturday ,201433,33,201408,August   ,2014,20143,20142
2014-08-17,20140817,17,17 August 2014,Sunday   ,201433,33,201408,August   ,2014,20143,20142
2014-08-18,20140818,18,18 August 2014,Monday   ,201434,34,201408,August   ,2014,20143,20142
2014-08-19,20140819,19,19 August 2014,Tuesday  ,201434,34,201408,August   ,2014,20143,20142
2014-08-20,20140820,20,20 August 2014,Wednesday,201434,34,201408,August   ,2014,20143,20142
2014-08-21,20140821,21,21 August 2014,Thursday ,201434,34,201408,August   ,2014,20143,20142
2014-08-22,20140822,22,22 August 2014,Friday   ,201434,34,201408,August   ,2014,20143,20142
2014-08-23,20140823,23,23 August 2014,Saturday ,201434,34,201408,August   ,2014,20143,20142
2014-08-24,20140824,24,24 August 2014,Sunday   ,201434,34,201408,August   ,2014,20143,20142
2014-08-25,20140825,25,25 August 2014,Monday   ,201435,35,201408,August   ,2014,20143,20142
2014-08-26,20140826,26,26 August 2014,Tuesday  ,201435,35,201408,August   ,2014,20143,20142
2014-08-27,20140827,27,27 August 2014,Wednesday,201435,35,201408,August   ,2014,20143,20142
2014-08-28,20140828,28,28 August 2014,Thursday ,201435,35,201408,August   ,2014,20143,20142
2014-08-29,20140829,29,29 August 2014,Friday   ,201435,35,201408,August   ,2014,20143,20142
2014-08-30,20140830,30,30 August 2014,Saturday ,201435,35,201408,August   ,2014,20143,20142
2014-08-31,20140831,31,31 August 2014,Sunday   ,201435,35,201408,August   ,2014,20143,20142
2014-09-01,20140901,1,01 September 2014,Monday   ,201436,36,201409,September,2014,20143,20142
2014-09-02,20140902,2,02 September 2014,Tuesday  ,201436,36,201409,September,2014,20143,20142
2014-09-03,20140903,3,03 September 2014,Wednesday,201436,36,201409,September,2014,20143,20142
2014-09-04,20140904,4,04 September 2014,Thursday ,201436,36,201409,September,2014,20143,20142
2014-09-05,20140905,5,05 September 2014,Friday   ,201436,36,201409,September,2014,20143,20142
2014-09-06,20140906,6,06 September 2014,Saturday ,201436,36,201409,September,2014,20143,20142
2014-09-07,20140907,7,07 September 2014,Sunday   ,201436,36,201409,September,2014,20143,20142
2014-09-08,20140908,8,08 September 2014,Monday   ,201437,37,201409,September,2014,20143,20142
2014-09-09,20140909,9,09 September 2014,Tuesday  ,201437,37,201409,September,2014,20143,20142
2014-09-10,20140910,10,10 September 2014,Wednesday,201437,37,201409,September,2014,20143,20142
2014-09-11,20140911,11,11 September 2014,Thursday ,201437,37,201409,September,2014,20143,20142
2014-09-12,20140912,12,12 September 2014,Friday   ,201437,37,201409,September,2014,20143,20142
2014-09-13,20140913,13,13 September 2014,Saturday ,201437,37,201409,September,2014,20143,20142
2014-09-14,20140914,14,14 September 2014,Sunday   ,201437,37,201409,September,2014,20143,20142
2014-09-15,20140915,15,15 September 2014,Monday   ,201438,38,201409,September,2014,20143,20142
2014-09-16,20140916,16,16 September 2014,Tuesday  ,201438,38,201409,September,2014,20143,20142
2014-09-17,20140917,17,17 September 2014,Wednesday,201438,38,201409,September,2014,20143,20142
2014-09-18,20140918,18,18 September 2014,Thursday ,201438,38,201409,September,2014,20143,20142
2014-09-19,20140919,19,19 September 2014,Friday   ,201438,38,201409,September,2014,20143,20142
2014-09-20,20140920,20,20 September 2014,Saturday ,201438,38,201409,September,2014,20143,20142
2014-09-21,20140921,21,21 September 2014,Sunday   ,201438,38,201409,September,2014,20143,20142
2014-09-22,20140922,22,22 September 2014,Monday   ,201439,39,201409,September,2014,20143,20142
2014-09-23,20140923,23,23 September 2014,Tuesday  ,201439,39,201409,September,2014,20143,20142
2014-09-24,20140924,24,24 September 2014,Wednesday,201439,39,201409,September,2014,20143,20142
2014-09-25,20140925,25,25 September 2014,Thursday ,201439,39,201409,September,2014,20143,20142
2014-09-26,20140926,26,26 September 2014,Friday   ,201439,39,201409,September,2014,20143,20142
2014-09-27,20140927,27,27 September 2014,Saturday ,201439,39,201409,September,2014,20143,20142
2014-09-28,20140928,28,28 September 2014,Sunday   ,201439,39,201409,September,2014,20143,20142
2014-09-29,20140929,29,29 September 2014,Monday   ,201440,40,201409,September,2014,20143,20142
2014-09-30,20140930,30,30 September 2014,Tuesday  ,201440,40,201409,September,2014,20143,20142
2014-10-01,20141001,1,01 October 2014,Wednesday,201440,40,201410,October  ,2014,20144,20142
2014-10-02,20141002,2,02 October 2014,Thursday ,201440,40,201410,October  ,2014,20144,20142
2014-10-03,20141003,3,03 October 2014,Friday   ,201440,40,201410,October  ,2014,20144,20142
2014-10-04,20141004,4,04 October 2014,Saturday ,201440,40,201410,October  ,2014,20144,20142
2014-10-05,20141005,5,05 October 2014,Sunday   ,201440,40,201410,October  ,2014,20144,20142
2014-10-06,20141006,6,06 October 2014,Monday   ,201441,41,201410,October  ,2014,20144,20142
2014-10-07,20141007,7,07 October 2014,Tuesday  ,201441,41,201410,October  ,2014,20144,20142
2014-10-08,20141008,8,08 October 2014,Wednesday,201441,41,201410,October  ,2014,20144,20142
2014-10-09,20141009,9,09 October 2014,Thursday ,201441,41,201410,October  ,2014,20144,20142
2014-10-10,20141010,10,10 October 2014,Friday   ,201441,41,201410,October  ,2014,20144,20142
2014-10-11,20141011,11,11 October 2014,Saturday ,201441,41,201410,October  ,2014,20144,20142
2014-10-12,20141012,12,12 October 2014,Sunday   ,201441,41,201410,October  ,2014,20144,20142
2014-10-13,20141013,13,13 October 2014,Monday   ,201442,42,201410,October  ,2014,20144,20142
2014-10-14,20141014,14,14 October 2014,Tuesday  ,201442,42,201410,October  ,2014,20144,20142
2014-10-15,20141015,15,15 October 2014,Wednesday,201442,42,201410,October  ,2014,20144,20142
2014-10-16,20141016,16,16 October 2014,Thursday ,201442,42,201410,October  ,2014,20144,20142
2014-10-17,20141017,17,17 October 2014,Friday   ,201442,42,201410,October  ,2014,20144,20142
2014-10-18,20141018,18,18 October 2014,Saturday ,201442,42,201410,October  ,2014,20144,20142
2014-10-19,20141019,19,19 October 2014,Sunday   ,201442,42,201410,October  ,2014,20144,20142
2014-10-20,20141020,20,20 October 2014,Monday   ,201443,43,201410,October  ,2014,20144,20142
2014-10-21,20141021,21,21 October 2014,Tuesday  ,201443,43,201410,October  ,2014,20144,20142
2014-10-22,20141022,22,22 October 2014,Wednesday,201443,43,201410,October  ,2014,20144,20142
2014-10-23,20141023,23,23 October 2014,Thursday ,201443,43,201410,October  ,2014,20144,20142
2014-10-24,20141024,24,24 October 2014,Friday   ,201443,43,201410,October  ,2014,20144,20142
2014-10-25,20141025,25,25 October 2014,Saturday ,201443,43,201410,October  ,2014,20144,20142
2014-10-26,20141026,26,26 October 2014,Sunday   ,201443,43,201410,October  ,2014,20144,20142
2014-10-27,20141027,27,27 October 2014,Monday   ,201444,44,201410,October  ,2014,20144,20142
2014-10-28,20141028,28,28 October 2014,Tuesday  ,201444,44,201410,October  ,2014,20144,20142
2014-10-29,20141029,29,29 October 2014,Wednesday,201444,44,201410,October  ,2014,20144,20142
2014-10-30,20141030,30,30 October 2014,Thursday ,201444,44,201410,October  ,2014,20144,20142
2014-10-31,20141031,31,31 October 2014,Friday   ,201444,44,201410,October  ,2014,20144,20142
2014-11-29,20141129,29,29 November 2014,Saturday ,201448,48,201411,November ,2014,20144,20142
2014-11-30,20141130,30,30 November 2014,Sunday   ,201448,48,201411,November ,2014,20144,20142
2014-11-01,20141101,1,01 November 2014,Saturday ,201444,44,201411,November ,2014,20144,20142
2014-11-02,20141102,2,02 November 2014,Sunday   ,201444,44,201411,November ,2014,20144,20142
2014-11-03,20141103,3,03 November 2014,Monday   ,201445,45,201411,November ,2014,20144,20142
2014-11-04,20141104,4,04 November 2014,Tuesday  ,201445,45,201411,November ,2014,20144,20142
2014-11-05,20141105,5,05 November 2014,Wednesday,201445,45,201411,November ,2014,20144,20142
2014-11-06,20141106,6,06 November 2014,Thursday ,201445,45,201411,November ,2014,20144,20142
2014-11-07,20141107,7,07 November 2014,Friday   ,201445,45,201411,November ,2014,20144,20142
2014-11-08,20141108,8,08 November 2014,Saturday ,201445,45,201411,November ,2014,20144,20142
2014-11-09,20141109,9,09 November 2014,Sunday   ,201445,45,201411,November ,2014,20144,20142
2014-11-10,20141110,10,10 November 2014,Monday   ,201446,46,201411,November ,2014,20144,20142
2014-11-11,20141111,11,11 November 2014,Tuesday  ,201446,46,201411,November ,2014,20144,20142
2014-11-12,20141112,12,12 November 2014,Wednesday,201446,46,201411,November ,2014,20144,20142
2014-11-13,20141113,13,13 November 2014,Thursday ,201446,46,201411,November ,2014,20144,20142
2014-11-14,20141114,14,14 November 2014,Friday   ,201446,46,201411,November ,2014,20144,20142
2014-11-15,20141115,15,15 November 2014,Saturday ,201446,46,201411,November ,2014,20144,20142
2014-11-16,20141116,16,16 November 2014,Sunday   ,201446,46,201411,November ,2014,20144,20142
2014-11-17,20141117,17,17 November 2014,Monday   ,201447,47,201411,November ,2014,20144,20142
2014-11-18,20141118,18,18 November 2014,Tuesday  ,201447,47,201411,November ,2014,20144,20142
2014-11-19,20141119,19,19 November 2014,Wednesday,201447,47,201411,November ,2014,20144,20142
2014-11-20,20141120,20,20 November 2014,Thursday ,201447,47,201411,November ,2014,20144,20142
2014-11-21,20141121,21,21 November 2014,Friday   ,201447,47,201411,November ,2014,20144,20142
2014-11-22,20141122,22,22 November 2014,Saturday ,201447,47,201411,November ,2014,20144,20142
2014-11-23,20141123,23,23 November 2014,Sunday   ,201447,47,201411,November ,2014,20144,20142
2014-11-24,20141124,24,24 November 2014,Monday   ,201448,48,201411,November ,2014,20144,20142
2014-11-25,20141125,25,25 November 2014,Tuesday  ,201448,48,201411,November ,2014,20144,20142
2014-11-26,20141126,26,26 November 2014,Wednesday,201448,48,201411,November ,2014,20144,20142
2014-11-27,20141127,27,27 November 2014,Thursday ,201448,48,201411,November ,2014,20144,20142
2014-11-28,20141128,28,28 November 2014,Friday   ,201448,48,201411,November ,2014,20144,20142
2014-12-01,20141201,1,01 December 2014,Monday   ,201449,49,201412,December ,2014,20144,20142
2014-12-02,20141202,2,02 December 2014,Tuesday  ,201449,49,201412,December ,2014,20144,20142
2014-12-03,20141203,3,03 December 2014,Wednesday,201449,49,201412,December ,2014,20144,20142
2014-12-04,20141204,4,04 December 2014,Thursday ,201449,49,201412,December ,2014,20144,20142
2014-12-05,20141205,5,05 December 2014,Friday   ,201449,49,201412,December ,2014,20144,20142
2014-12-06,20141206,6,06 December 2014,Saturday ,201449,49,201412,December ,2014,20144,20142
2014-12-07,20141207,7,07 December 2014,Sunday   ,201449,49,201412,December ,2014,20144,20142
2014-12-08,20141208,8,08 December 2014,Monday   ,201450,50,201412,December ,2014,20144,20142
2014-12-09,20141209,9,09 December 2014,Tuesday  ,201450,50,201412,December ,2014,20144,20142
2014-12-10,20141210,10,10 December 2014,Wednesday,201450,50,201412,December ,2014,20144,20142
2014-12-11,20141211,11,11 December 2014,Thursday ,201450,50,201412,December ,2014,20144,20142
2014-12-12,20141212,12,12 December 2014,Friday   ,201450,50,201412,December ,2014,20144,20142
2014-12-13,20141213,13,13 December 2014,Saturday ,201450,50,201412,December ,2014,20144,20142
2014-12-14,20141214,14,14 December 2014,Sunday   ,201450,50,201412,December ,2014,20144,20142
2014-12-15,20141215,15,15 December 2014,Monday   ,201451,51,201412,December ,2014,20144,20142
2014-12-16,20141216,16,16 December 2014,Tuesday  ,201451,51,201412,December ,2014,20144,20142
2014-12-17,20141217,17,17 December 2014,Wednesday,201451,51,201412,December ,2014,20144,20142
2014-12-18,20141218,18,18 December 2014,Thursday ,201451,51,201412,December ,2014,20144,20142
2014-12-19,20141219,19,19 December 2014,Friday   ,201451,51,201412,December ,2014,20144,20142
2014-12-20,20141220,20,20 December 2014,Saturday ,201451,51,201412,December ,2014,20144,20142
2014-12-21,20141221,21,21 December 2014,Sunday   ,201451,51,201412,December ,2014,20144,20142
2014-12-22,20141222,22,22 December 2014,Monday   ,201452,52,201412,December ,2014,20144,20142
2014-12-23,20141223,23,23 December 2014,Tuesday  ,201452,52,201412,December ,2014,20144,20142
2014-12-24,20141224,24,24 December 2014,Wednesday,201452,52,201412,December ,2014,20144,20142
2014-12-25,20141225,25,25 December 2014,Thursday ,201452,52,201412,December ,2014,20144,20142
2014-12-26,20141226,26,26 December 2014,Friday   ,201452,52,201412,December ,2014,20144,20142
2014-12-27,20141227,27,27 December 2014,Saturday ,201452,52,201412,December ,2014,20144,20142
2014-12-28,20141228,28,28 December 2014,Sunday   ,201452,52,201412,December ,2014,20144,20142
2014-12-29,20141229,29,29 December 2014,Monday   ,201401,1,201412,December ,2014,20144,20142
2014-12-30,20141230,30,30 December 2014,Tuesday  ,201401,1,201412,December ,2014,20144,20142
2014-12-31,20141231,31,31 December 2014,Wednesday,201401,1,201412,December ,2014,20144,20142
2015-01-01,20150101,1,01 January 2015,Sunday   ,201412,52,201501,January,2015,20151,20151
2015-01-02,20150102,2,02 January 2015,Monday,201501,1,201501,January,2015,20151,20151
2015-01-03,20150103,3,03 January 2015,Tuesday,201501,1,201501,January,2015,20151,20151
2015-01-04,20150104,4,04 January 2015,Wednesday,201501,1,201501,January,2015,20151,20151
2015-01-05,20150105,5,05 January 2015,Thursday,201501,1,201501,January,2015,20151,20151
2015-01-06,20150106,6,06 January 2015,Friday,201501,1,201501,January,2015,20151,20151
2015-01-07,20150107,7,07 January 2015,Saturday,201501,1,201501,January,2015,20151,20151
2015-01-08,20150108,8,08 January 2015,Sunday,201501,1,201501,January,2015,20151,20151
2015-01-09,20150109,9,09 January 2015,Monday,201502,2,201501,January,2015,20151,20151
2015-01-10,20150110,10,10 January 2015,Tuesday,201502,2,201501,January,2015,20151,20151
2015-01-11,20150111,11,11 January 2015,Wednesday,201502,2,201501,January,2015,20151,20151
2015-01-12,20150112,12,12 January 2015,Thursday,201502,2,201501,January,2015,20151,20151
2015-01-13,20150113,13,13 January 2015,Friday,201502,2,201501,January,2015,20151,20151
2015-01-14,20150114,14,14 January 2015,Saturday,201502,2,201501,January,2015,20151,20151
2015-01-15,20150115,15,15 January 2015,Sunday,201502,2,201501,January,2015,20151,20151